index,url,valid,domain,title,description,image,published,archive,content,quote,language,keyword
https://www.zeit.de/news/2024-01/02/ausbau-von-strassen-250-millionen-euro-ausgegeben,https://www.zeit.de/news/2024-01/02/ausbau-von-strassen-250-millionen-euro-ausgegeben,0,www.zeit.de,Verkeht: Ausbau von Straßen: 250 Millionen Euro ausgegeben,Hier finden Sie Informationen zu dem Thema „Verkeht“. Lesen Sie jetzt „Ausbau von Straßen: 250 Millionen Euro ausgegeben“.,https://img.zeit.de/administratives/sharing/fallback-image/wide__1300x731,2024-01-02T04:34:00Z,,"Anders als noch im Frühjahr befürchtet, musste im vergangenen Jahr kein Straßenausbau in Sachsen-Anhalt wegen fehlender Finanzmittel verschoben werden. Das teilte das Infrastrukturministerium auf Anf… [+1870 chars]",,de,'Ausbau'
https://www.welt.de/wirtschaft/article249315912/Solar-Branche-verzeichnet-mehr-als-eine-Million-neue-Anlagen.html,https://www.welt.de/wirtschaft/article249315912/Solar-Branche-verzeichnet-mehr-als-eine-Million-neue-Anlagen.html,0,www.welt.de,Solar-Branche verzeichnet mehr als eine Million neue Anlagen,2023 sind im Vergleich zum Vorjahr viermal so viele Balkonkraftwerke in Betrieb gegangen. Der Stromerzeugung aus Solar bescherte dies einen enormen Auftrieb. Insgesamt werden nun laut dem Bundesverband Solarwirtschaft durch Solar 12 Prozent des deutschen Stro…,https://img.welt.de/img/wirtschaft/mobile249316344/6961358437-ci16x9-w1200/Balkonkraftwerk.jpg,2024-01-02T08:08:45Z,,In Deutschland sind im vergangenen Jahr nach Angaben der Solarbranche so viele neue Solaranlagen zur Strom- und Wärmeerzeugung errichtet worden wie nie zuvor. Mehr als eine Million neue Anlagen seien… [+2614 chars],,de,'Solar'
https://www.zeit.de/news/2024-01/02/immer-mehr-menschen-fehlt-geld-fuer-ausreichendes-heizen,https://www.zeit.de/news/2024-01/02/immer-mehr-menschen-fehlt-geld-fuer-ausreichendes-heizen,0,www.zeit.de,Energiepreise: Immer mehr Menschen fehlt Geld für ausreichendes Heizen,Hier finden Sie Informationen zu dem Thema „Energiepreise“. Lesen Sie jetzt „Immer mehr Menschen fehlt Geld für ausreichendes Heizen“.,https://img.zeit.de/news/2024-01/02/immer-mehr-menschen-fehlt-geld-fuer-ausreichendes-heizen-image-group/wide__1300x731,2024-01-02T11:05:13Z,,"Menschen in Baden-Württemberg fehlt nach eigener Einschätzung zunehmend das Geld dafür, ihre Wohnungen im Winter angemessen zu heizen. Das berichtete das Statistische Landesamt am Dienstag unter Bezu… [+1621 chars]",,de,'Heizen'
https://www.zeit.de/news/2024-01/02/bayern-to-do-liste-wintertransfermarkt-noch-komplizierter,https://www.zeit.de/news/2024-01/02/bayern-to-do-liste-wintertransfermarkt-noch-komplizierter,0,www.zeit.de,Bundesliga: Bayern-To-do-Liste: «Wintertransfermarkt noch komplizierter»,"Hier finden Sie Informationen zu dem Thema „Bundesliga“. Lesen Sie jetzt „Bayern-To-do-Liste: ""Wintertransfermarkt noch komplizierter""“.",https://img.zeit.de/news/2024-01/02/bayern-to-do-liste-wintertransfermarkt-noch-komplizierter-image-group/wide__1300x731,2024-01-02T11:56:33Z,,"Auf die Erfüllung seiner Neujahrs-Wünsche muss Thomas Tuchel noch warten. 
Mehr Schlagzeilen
Der Start des FC Bayern in eine ungewöhnliche Vorbereitung auf die zweite Saisonhälfte mit dem geplanten… [+5622 chars]",,de,'Winter'
https://www.focus.de/earth/analyse/deutschlands-verblueffende-strombilanz-fuer-2023_id_259541738.html,https://www.focus.de/earth/analyse/deutschlands-verblueffende-strombilanz-fuer-2023_id_259541738.html,0,www.focus.de,Drei große Trends - Deutschlands verblüffende Strombilanz für 2023,Wo steht Deutschland bei der Energiewende? Die große Abschluss-Bilanz für 2023 zeigt drei eindeutige Trends. Der wichtigste: Deutschlands Strom wird sauberer - und kommt zunehmend aus dem Ausland.Von FOCUS-online-Redakteur Florian Reiter,https://p6.focus.de/img/fotos/id_259542268/imago0117007485h.jpg?im=Crop%3D%280%2C267%2C3463%2C1732%29%3BResize%3D%281200%2C627%29&impolicy=perceptual&quality=mediumHigh&hash=51880c55bcb786b965f7b8b0a5b31068e12153410877d2f225c2524e4356d964,2024-01-02T13:10:37Z,,"<ul><li>
Kommentare</li><li>
E-Mail</li><li>
Teilen</li><li>
Mehr</li><li>
Twitter</li><li>
Drucken</li><li>
Feedback</li><li>
Fehler meldenSie haben einen Fehler gefunden?
Bitte markieren S… [+7834 chars]",,de,'Energiewende'
https://www.tagesspiegel.de/wirtschaft/wind-und-solarenergie-erreichen-hochstwerte-fast-60-prozent-der-stromerzeugung-stammt-aus-erneuerbaren-energien-10995079.html,https://www.tagesspiegel.de/wirtschaft/wind-und-solarenergie-erreichen-hochstwerte-fast-60-prozent-der-stromerzeugung-stammt-aus-erneuerbaren-energien-10995079.html,0,www.tagesspiegel.de,Wind- und Solarenergie erreichen Höchstwerte: Fast 60 Prozent der Stromerzeugung stammt aus erneuerbaren Energien,2023 stammte jede dritte in Deutschland erzeugte Kilowattstunde aus dem Wind und im Sommer erzielte die Solarenergie neue Spitzenwerte. Grundsätzlich wurde beim Stromverbrauch gespart.,https://www.tagesspiegel.de/images/erneuerbare-energien4/alternates/BASE_16_9_W1400/erneuerbare-energien.jpeg,2024-01-02T14:27:25Z,,"Der Anteil erneuerbarer Energien an der Stromerzeugung in Deutschland lag im vergangenen Jahr bei fast 60 Prozent. Allein bei der Photovoltaik gab es einen Zubau von 14 Gigawatt Leistung, wie das Fra… [+2529 chars]",,de,'Windenergie'
https://www.welt.de/podcasts/deffner-und-zschaepitz/article249329240/Deffner-Zschaepitz-Krypto-Solar-KI-Wueste-Comeback-Die-24-Aktien-Ideen-fuer-2024.html,https://www.welt.de/podcasts/deffner-und-zschaepitz/article249329240/Deffner-Zschaepitz-Krypto-Solar-KI-Wueste-Comeback-Die-24-Aktien-Ideen-fuer-2024.html,0,www.welt.de,"Krypto, Solar, KI, Wüste, Comeback – Die 24 Aktien-Ideen für 2024",In der ersten Folge des neuen Jahres präsentieren die Finanzjournalisten Dietmar Deffner und Holger Zschäpitz ihre 24 Investment-Ideen für ein erfolgreiches Börsenjahr. Die Latte liegt hoch: Im vergangenen Jahr haben die 23 Ideen für 2023 38 bzw. 46 Prozent P…,https://img.welt.de/img/podcasts/deffner-und-zschaepitz/mobile244572416/3721354487-ci16x9-w1200/DWO-Podcast-Teaser-Deffner-Zschaepitz-mit-2zu3.jpg,2024-01-02T16:48:17Z,,"Weitere Themen:
- Was kommt nach 20 Prozent? Bulle und Bär verraten ihr Dax-Kursziel für das Jahresende
- Nach drei Minusjahren in Folge diese Dax-Aktie hat Comeback-Potenzial in 2024
- Physischer… [+1285 chars]",,de,'Solar'
https://www.golem.de/sonstiges/zustimmung/auswahl.html?from=https://www.golem.de/news/ftth-berlin-bringt-endlich-einige-schulen-ans-glasfasernetz-2401-180745.html&referer=https://t.co/2279fcb7ed,https://www.golem.de/sonstiges/zustimmung/auswahl.html?from=https://www.golem.de/news/ftth-berlin-bringt-endlich-einige-schulen-ans-glasfasernetz-2401-180745.html&referer=https://t.co/2279fcb7ed,0,www.golem.de,FTTH: Berlin bringt endlich einige Schulen ans Glasfasernetz,"Bundesweit liegt Berlin beim FTTH-Ausbau weiter ganz am Schluss der Statistik. Doch bei den Schulen gibt es Fortschritte. (Berlin, Glasfaser)",,2024-01-02T17:19:02Z,,"Besuchen Sie Golem.de wie gewohnt mit Werbung und Tracking,
 indem Sie der Nutzung aller Cookies zustimmen.
 Details zum Tracking finden Sie im Privacy Center.
Skript wurde nicht geladen. Informat… [+607 chars]",,de,'Ausbau'
https://www.n-tv.de/wirtschaft/Gruener-Boom-Erneuerbare-2023-deutlich-ueber-50-Prozent-article24634733.html,https://www.n-tv.de/wirtschaft/Gruener-Boom-Erneuerbare-2023-deutlich-ueber-50-Prozent-article24634733.html,0,www.n-tv.de,Anteil an der Stromerzeugung: Grüner Boom: Erneuerbare 2023 deutlich über 50 Prozent,"Der Anteil erneuerbarer Energien an der deutschen Stromversorgung steigt im letzten Jahr deutlich. Das liegt einerseits am Ausbau, andererseits aber auch am Wind oder Regen. Photovoltaik hingegen schwächelt mangels Sonne leicht. Kohle verliert an Bedeutung.",https://bilder1.n-tv.de/img/incoming/crop24634748/8991322684-cImg_16_9-w1200/imago0302258740h.jpg,2024-01-02T22:18:37Z,,"Der Anteil erneuerbarer Energien an der deutschen Stromversorgung steigt im letzten Jahr deutlich. Das liegt einerseits am Ausbau, andererseits aber auch am Wind oder Regen. Photovoltaik hingegen sch… [+1827 chars]",,de,'Erneuerbare'
https://www.zeit.de/gesellschaft/zeitgeschehen/2024-01/grossbritannien-streik-aerzte-bezahlung,https://www.zeit.de/gesellschaft/zeitgeschehen/2024-01/grossbritannien-streik-aerzte-bezahlung,0,www.zeit.de,Gesundheitswesen in Großbritannien: Ärzte in Großbritannien streiken bis zu sechs Tage,"Junge Ärzte wollen mehr Geld und einen Inflationsausgleich, damit der Job attraktiver wird – auch für Nachwuchs. Die Lage in Kliniken und Praxen verschärft sich dadurch.",https://img.zeit.de/gesellschaft/zeitgeschehen/2024-01/aerzte-grossbritannien-streik/wide__1300x731,2024-01-03T04:45:47Z,,Im britischen Gesundheitswesen beginnt der möglicherweise längste landesweite Streik in seiner Geschichte. Junge Ärztinnen und Ärzte wollen in England ab Mittwoch 7 Uhr für sechs Tage ihre Arbeit nie… [+661 chars],,de,'Inflation'
https://www.zeit.de/news/2024-01/03/branchenverband-dringt-auf-mehr-tempo-beim-solarausbau,https://www.zeit.de/news/2024-01/03/branchenverband-dringt-auf-mehr-tempo-beim-solarausbau,0,www.zeit.de,Erneuerbare Energien: Branchenverband dringt auf mehr Tempo beim Solarausbau,Hier finden Sie Informationen zu dem Thema „Erneuerbare Energien“. Lesen Sie jetzt „Branchenverband dringt auf mehr Tempo beim Solarausbau“.,https://img.zeit.de/news/2024-01/03/branchenverband-dringt-auf-mehr-tempo-beim-solarausbau-image-group/wide__1300x731,2024-01-03T05:37:49Z,,"Um den Photovoltaik-Ausbau voranzutreiben, fordert die Erneuerbaren-Branche von der Landesregierung die Einsetzung einer Taskforce Solarenergie - nach dem Vorbild der bestehenden Taskforce Windenergi… [+3377 chars]",,de,'Erneuerbare'
https://www.stern.de/gesellschaft/regional/nordrhein-westfalen/erneuerbare-energien--branchenverband-dringt-auf-mehr-tempo-beim-solarausbau-34332972.html,https://www.stern.de/gesellschaft/regional/nordrhein-westfalen/erneuerbare-energien--branchenverband-dringt-auf-mehr-tempo-beim-solarausbau-34332972.html,0,www.stern.de,Erneuerbare Energien: Branchenverband dringt auf mehr Tempo beim Solarausbau,"Solar boomt. Auch in Nordrhein-Westfalen wurden 2023 so viele Anlagen errichtet wie noch nie. Die Erneuerbaren-Branche fordert dennoch größere Anstrengungen vom Land. Auch das Land selbst sieht beim Ausbau von Freiflächen-Photovoltaik noch ""viel Luft nach obe…",https://image.stern.de/34332974/t/_o/v1/w1440/r1.7778/-/03--urnnewsmldpacom2009010124010399476002v3w800h600l640t405r1920b1215jpeg---f9e9f011dd5d06e5.jpg,2024-01-03T05:37:49Z,,Solar boomt. Auch in Nordrhein-Westfalen wurden 2023 so viele Anlagen errichtet wie noch nie. Die Erneuerbaren-Branche fordert dennoch größere Anstrengungen vom Land. Auch das Land selbst sieht beim … [+3146 chars],,de,'Solar'
https://www.telepolis.de/features/Energiewende-Woher-Deutschland-den-meisten-Strom-bezieht-9585705.html,https://www.telepolis.de/features/Energiewende-Woher-Deutschland-den-meisten-Strom-bezieht-9585705.html,0,www.telepolis.de,Energiewende: Woher Deutschland den meisten Strom bezieht,"Energie und Klima – kompakt: Neuer Grünstrom-Rekord 2023. Windkraft auf dem Vormarsch, Kohlekraftwerke auf dem Rückzug. Woher die meisten Stromimporte kommen.",https://heise.cloudimg.io/bound/1200x1200/q85.png-lossy-85.webp-lossy-85.foil1/_www-heise-de_/imgs/18/4/5/1/9/9/2/5/sunset-1786582_1280-2d48f67dedb752e2.jpeg,2024-01-03T08:00:00Z,,"Symbolbild: Pixabay Licence
Energie und Klima kompakt: Neuer Grünstrom-Rekord 2023. Windkraft auf dem Vormarsch, Kohlekraftwerke auf dem Rückzug. Woher die meisten Stromimporte kommen.
Der Umbau de… [+4654 chars]",,de,'Energiewende'
https://www.n-tv.de/wirtschaft/Tuerkei-bekommt-die-Inflation-nicht-unter-Kontrolle-article24635514.html,https://www.n-tv.de/wirtschaft/Tuerkei-bekommt-die-Inflation-nicht-unter-Kontrolle-article24635514.html,0,www.n-tv.de,Über 60 Prozent Preissteigerung: Türkei bekommt die Inflation nicht unter Kontrolle,In der Türkei steigt die Inflationsrate erneut massiv an. Im Vergleich zum Vorjahresmonat verdoppeln sich in manchen Wirtschaftsbereichen die Preise fast. Ein neuer Inflationsschub deutet sich zudem bereits an.,https://bilder4.n-tv.de/img/incoming/crop23440415/2561328561-cImg_16_9-w1200/Der-Ortakcilar-Straenmarkt-in-Istanbul.jpg,2024-01-03T09:54:39Z,,In der Türkei steigt die Inflationsrate erneut massiv an. Im Vergleich zum Vorjahresmonat verdoppeln sich in manchen Wirtschaftsbereichen die Preise fast. Ein neuer Inflationsschub deutet sich zudem … [+2631 chars],,de,'Preisanstieg'
https://futurezone.at/digital-life/bau-weltweit-groesstem-solar-projekt-philippinen-solarpark-megawatt-gigawatt-output-jaehrlich/402728047,https://futurezone.at/digital-life/bau-weltweit-groesstem-solar-projekt-philippinen-solarpark-megawatt-gigawatt-output-jaehrlich/402728047,0,futurezone.at,Bau von weltweit größtem Solar-Projekt startet,Der Solarpark soll alle bisherigen Photovoltaikprojekte in den Schatten stellen.,https://image.futurezone.at/images/facebook/8426467/pexels-anonim-zero-16659262.jpg,2024-01-03T10:33:28Z,,"03.01.2024
Der Solarpark soll alle bisherigen Photovoltaikprojekte in den Schatten stellen. 
Solarpark Bhadla in Indien vom Weltraum aus betrachtet
© Copernicus Sentinel-2, ESA",,de,'Photovoltaik'
"https://www.capital.de/wirtschaft-politik/rekord-im-jahr-2023-beim-ausbau-der-solarenergie-in-deutschland-34332126.html#:~:text=Tats%C3%A4chlich%20ist%20der%20Solarboom%20Realit%C3%A4t,vom%20Bund%20angepeilten%20neun%20Gigawatt.","https://www.capital.de/wirtschaft-politik/rekord-im-jahr-2023-beim-ausbau-der-solarenergie-in-deutschland-34332126.html#:~:text=Tats%C3%A4chlich%20ist%20der%20Solarboom%20Realit%C3%A4t,vom%20Bund%20angepeilten%20neun%20Gigawatt.",0,www.capital.de,"""Mehr als jemals zuvor"": Mehr als eine Million neue Anlagen: Rekord beim Ausbau der Solarenergie",Das Jahr 2023 war ein gutes Jahr für die Erneuerbaren Energien – vor allem die Solarenergie. Allerdings kommt der Ausbau trotz der Kampagne der Bundesregierung nur teilweise voran.,https://image.stern.de/34333602/t/cK/v4/w1440/r1.7778/-/photovoltaik.jpg,2024-01-03T10:54:00Z,,"Dieses Rennen hatten die Sonnenstromer schon mal gewonnen: Während andere Branchen noch ihren Silvesterkater auskurierten, preschte der Bundesverband Solarwirtschaft schon mit einer Erfolgsmeldung vo… [+4074 chars]",,de,'Photovoltaik'
https://www.stern.de/news/deutlich-ueber-die-haelfte-der-stromerzeugung-2023-aus-erneuerbaren-34334150.html,https://www.stern.de/news/deutlich-ueber-die-haelfte-der-stromerzeugung-2023-aus-erneuerbaren-34334150.html,0,www.stern.de,Deutlich über die Hälfte der Stromerzeugung 2023 aus Erneuerbaren,"Im vergangenen Jahr ging in Deutschland erstmals mehr als die Hälfte der Stromerzeugung auf erneuerbare Energieträger zurück. Der Anteil von Wind-, Solar-, Biomasse- und Wasserkraftanlagen sowie sonstigen Erneuerbaren stieg von 48,4 Prozent im Vorjahr auf 55 …",https://image.stern.de/34334152/t/S2/v1/w1440/r1.7778/-/03--windraeder-in-heide---94734f4d26fb63e1.jpg,2024-01-03T12:08:32Z,,"Im vergangenen Jahr ging in Deutschland erstmals mehr als die Hälfte der Stromerzeugung auf erneuerbare Energieträger zurück. Der Anteil von Wind-, Solar-, Biomasse- und Wasserkraftanlagen sowie sons… [+2751 chars]",,de,'Solar'
https://www.sueddeutsche.de/wirtschaft/erneuerbare-energien-stromerzeugung-stromverbrauch-1.6327879,https://www.sueddeutsche.de/wirtschaft/erneuerbare-energien-stromerzeugung-stromverbrauch-1.6327879,0,www.sueddeutsche.de,Stromerzeugung: Erneuerbare Energien liefern mehr als die Hälfte des Stroms,"Zum ersten Mal erzeugen Wind, Sonne und Wasser den Großteil des Stroms in Deutschland. Grund dafür war auch das Wetter.",https://www.sueddeutsche.de/image/sz.1.6327880/1200x675?v=1704291006,2024-01-03T14:10:45Z,,"Es geht in Deutschland mit der Energiewende voran, zumindest schrittweise: 2023 stammte die Energie für die Stromerzeugung in Deutschland zum ersten Mal zu mehr als der Hälfte aus erneuerbaren Quelle… [+2231 chars]",,de,'Erneuerbare'
https://www.tagesspiegel.de/politik/streitgesprach-zur-energiewende-was-sie-beschreiben-ist-planwirtschaft-pur-10979170.html,https://www.tagesspiegel.de/politik/streitgesprach-zur-energiewende-was-sie-beschreiben-ist-planwirtschaft-pur-10979170.html,0,www.tagesspiegel.de,"Streitgespräch zur Energiewende: „Was Sie beschreiben, ist Planwirtschaft pur“",FDP-Fraktionschef Christian Dürr und Simon Müller von Agora Energiewende wollen beide ein klimaneutrales Deutschland. Doch über den Weg zur Energiewende sind sie völlig uneins.,https://www.tagesspiegel.de/images/fdp-fraktionschef-durr-und-dem-chef-von-agora-energiewende1/alternates/BASE_16_9_W1400/fdp-fraktionschef-duerr-und-dem-chef-von-agora-energiewende.jpeg,2024-01-03T15:26:06Z,,"Herr Dürr, Herr Müller, womit heizen Sie und wie bewegen Sie sich fort?MÜLLER: Ich habe in meiner Wohnung eine Gas-Etagenheizung übernommen und fahre überwiegend Fahrrad. Ich besitze zwar kein Auto, … [+15232 chars]",,de,'Energiewende'
https://www.capital.de/geld-versicherungen/spritpreise--steuern--krankenkasse--teurer-start-ins-neue-jahr-34333970.html,https://www.capital.de/geld-versicherungen/spritpreise--steuern--krankenkasse--teurer-start-ins-neue-jahr-34333970.html,0,www.capital.de,"Verbraucher: Höherer CO2-Preis, mehr Steuern – so viel teurer wird 2024","Der CO2-Preis macht Tanken und Heizen 2024 teurer, auch Steuererhöhungen schlagen durch. Drauf zahlen vor allem Menschen mit kleinen und mittleren Einkommen.",https://image.stern.de/34334798/t/cW/v5/w1440/r1.7778/-/tanksaeule2024.jpg,2024-01-03T16:30:00Z,,"Der CO2-Preis macht Tanken und Heizen 2024 teurer, auch Steuererhöhungen schlagen durch. Drauf zahlen vor allem Menschen mit kleinen und mittleren Einkommen.
Den Geldbeuteln vieler Verbraucherinnen … [+8593 chars]",,de,'Heizen'
https://www.diepresse.com/17962386/energiewende-ist-eine-soziale-frage,https://www.diepresse.com/17962386/energiewende-ist-eine-soziale-frage,0,www.diepresse.com,„Energiewende ist eine soziale Frage“ [premium],"Die Klimapolitik in Europa sei zu optimistisch gewesen, sagen Heinz Faß­mann und Forscher Wim van Saarloos. Die Energiewendekosten müssten mehr in den Fokus rücken. Ohne Verbote gehe es kaum.",https://img.diepresse.com/public/incoming/bldxg1-kein-Titel/alternates/DPR_SOCIAL_NACHRICHTEN_PAID/%28kein%20Titel%29,2024-01-03T19:18:27Z,,"Die Klimapolitik in Europa sei zu optimistisch gewesen, sagen Heinz Faß­mann und Forscher Wim van Saarloos. Die Energiewendekosten müssten mehr in den Fokus rücken. Ohne Verbote gehe es kaum. 
Die P… [+1191 chars]",,de,'Heizen'
https://www.zeit.de/news/2024-01/04/verbraucher-in-der-preisfalle-inflation-sinkt-nur-langsam,https://www.zeit.de/news/2024-01/04/verbraucher-in-der-preisfalle-inflation-sinkt-nur-langsam,0,www.zeit.de,Fragen und Antworten: Verbraucher in der Preisfalle? Inflation sinkt nur langsam,Hier finden Sie Informationen zu dem Thema „Fragen und Antworten“. Lesen Sie jetzt „Verbraucher in der Preisfalle? Inflation sinkt nur langsam“.,https://img.zeit.de/news/2024-01/04/verbraucher-in-der-preisfalle-inflation-sinkt-nur-langsam-image-group/wide__1300x731,2024-01-04T03:38:31Z,,"Das Leben in Deutschland hat sich im abgelaufenen Jahr erneut deutlich verteuert. Zwar ist die allgemeine Teuerungsrate von den 8,7 Prozent zu Jahresbeginn 2023 wieder ein gutes Stück entfernt. Doch … [+5618 chars]",,de,'Inflation'
https://www.stern.de/wirtschaft/news/fragen-und-antworten--verbraucher-in-der-preisfalle--inflation-sinkt-nur-langsam-34335754.html,https://www.stern.de/wirtschaft/news/fragen-und-antworten--verbraucher-in-der-preisfalle--inflation-sinkt-nur-langsam-34335754.html,0,www.stern.de,Fragen und Antworten: Verbraucher in der Preisfalle? Inflation sinkt nur langsam,"Ihren Höhepunkt hat die Inflation in Deutschland schon vor einer Weile überschritten. Zuletzt ging die Rate zurück. Doch das Preisniveau bleibt hoch, vor allem bei Lebensmitteln.",https://image.stern.de/34335756/t/Rw/v1/w1440/r1.7778/-/04--urnnewsmldpacom2009010124010499486024v2w800h600l1204t803r3623b2410jpeg---7d17b5ef48c9f27e.jpg,2024-01-04T03:38:31Z,,"Ihren Höhepunkt hat die Inflation in Deutschland schon vor einer Weile überschritten. Zuletzt ging die Rate zurück. Doch das Preisniveau bleibt hoch, vor allem bei Lebensmitteln.
Das Leben in Deutsc… [+5066 chars]",,de,'Inflation'
https://www.focus.de/finanzen/news/fragen-und-antworten-verbraucher-in-der-preisfalle-inflation-sinkt-nur-langsam_id_259546347.html,https://www.focus.de/finanzen/news/fragen-und-antworten-verbraucher-in-der-preisfalle-inflation-sinkt-nur-langsam_id_259546347.html,0,www.focus.de,Fragen und Antworten - Verbraucher in der Preisfalle? Inflation sinkt nur langsam,"Ihren Höhepunkt hat die Inflation in Deutschland schon vor einer Weile überschritten. Zuletzt ging die Rate zurück. Doch das Preisniveau bleibt hoch, vor allem bei Lebensmitteln.",https://p6.focus.de/img/finanzen/news/id_259546346/das-statistische-bundesamt-veroeffentlicht-erste-zahlen-zur-entwicklung-der-teuerungsrate-in-deutschland..jpg?im=Crop%3D%280%2C170%2C2048%2C1024%29%3BResize%3D%281200%2C627%29&impolicy=perceptual&quality=mediumHigh&hash=923a01e1b2358631e6d9ea95c4a9b4963952922407c0648a0346df7e15d0e244,2024-01-04T03:45:05Z,,"Das Leben in Deutschland hat sich im abgelaufenen Jahr erneut deutlich verteuert. Zwar ist die allgemeine Teuerungsrate von den 8,7 Prozent zu Jahresbeginn 2023 wieder ein gutes Stück entfernt. Doch … [+4923 chars]",,de,'Heizen'
https://www.tagesschau.de/inland/innenpolitik/treibhausgas-emissionen-deutschland-100.html,https://www.tagesschau.de/inland/innenpolitik/treibhausgas-emissionen-deutschland-100.html,0,www.tagesschau.de,Treibhausgas-Emissionen überraschend deutlich gesunken,Die Treibhausgas-Emissionen in Deutschland sind unerwartet deutlich zurückgegangen. Das zeigt eine vorläufige Auswertung der Denkfabrik Agora Energiewende. Das ist aber nur teilweise eine gute Nachricht. Von Christopher Jähnert.,https://images.tagesschau.de/image/3175d23d-b3f3-4336-a09a-c4ac777db725/AAABjNKg2Lg/AAABibBxqrQ/16x9-1280/rauch-112.jpg,2024-01-04T04:00:06Z,,"Stand: 04.01.2024 05:00 Uhr
Die Treibhausgasemissionen in Deutschland sind unerwartet deutlich zurückgegangen. Das zeigt eine vorläufige Auswertung der Denkfabrik Agora Energiewende. Das ist aber nu… [+4664 chars]",,de,'Energiewende'
https://www.stern.de/politik/deutschland/denkfabrik-agora-energiewende--treibhausgas-ausstoss-auf-niedrigstem-wert-seit-1950ern-34335832.html,https://www.stern.de/politik/deutschland/denkfabrik-agora-energiewende--treibhausgas-ausstoss-auf-niedrigstem-wert-seit-1950ern-34335832.html,0,www.stern.de,Denkfabrik Agora Energiewende: Treibhausgas-Ausstoß auf niedrigstem Wert seit 1950ern,Deutschland stößt so wenig Treibhausgase aus wie seit langem nicht mehr. Davon gehen Experten der Denkfabrik Agora Energiewende aus. Doch das klingt besser als es ist.,https://image.stern.de/34335834/t/yv/v1/w1440/r1.7778/-/04--urnnewsmldpacom2009010124010499485707v4w800h600l309t376r1589b1167jpeg---4062991da3d099d9.jpg,2024-01-04T04:19:29Z,,"Deutschland stößt so wenig Treibhausgase aus wie seit langem nicht mehr. Davon gehen Experten der Denkfabrik Agora Energiewende aus. Doch das klingt besser als es ist.
Deutschland hat im vergangenen… [+6085 chars]",,de,'Energiewende'
https://www.zeit.de/news/2024-01/04/treibhausgas-ausstoss-auf-niedrigstem-wert-seit-1950ern,https://www.zeit.de/news/2024-01/04/treibhausgas-ausstoss-auf-niedrigstem-wert-seit-1950ern,0,www.zeit.de,Denkfabrik Agora Energiewende: Treibhausgas-Ausstoß auf niedrigstem Wert seit 1950ern,Hier finden Sie Informationen zu dem Thema „Denkfabrik Agora Energiewende“. Lesen Sie jetzt „Treibhausgas-Ausstoß auf niedrigstem Wert seit 1950ern“.,https://img.zeit.de/news/2024-01/04/treibhausgas-ausstoss-auf-niedrigstem-wert-seit-1950ern-image-group/wide__1300x731,2024-01-04T04:19:29Z,,"Deutschland hat im vergangenen Jahr nach vorläufigen Berechnungen der Denkfabrik Agora Energiewende so wenig Treibhausgase produziert wie seit sieben Jahrzehnten nicht mehr. 
Mehr Schlagzeilen
Demn… [+6532 chars]",,de,'Energiewende'
https://www.welt.de/wirtschaft/article249345866/Agora-Deutschlands-CO2-Ausstoss-auf-tiefstem-Stand-seit-70-Jahren.html,https://www.welt.de/wirtschaft/article249345866/Agora-Deutschlands-CO2-Ausstoss-auf-tiefstem-Stand-seit-70-Jahren.html,0,www.welt.de,Deutschlands CO2-Ausstoß auf tiefstem Stand seit 70 Jahren,"Der Lobbyverband Agora Energiewende hat berechnet, dass der CO2-Ausstoß hierzulande auf dem niedrigsten Stand seit den 1950er-Jahren liegt. Als gute Nachricht für den Klimaschutz werten die Experten diese Auswertung jedoch nicht.",https://img.welt.de/img/bildergalerien/mobile249345864/9731358377-ci16x9-w1200/RWE-Kohlekraftwerk-in-Bergheim-Niederaussem.jpg,2024-01-04T04:26:56Z,,"Die CO2-Emissionen in Deutschland sind im vergangenen Jahr stark zurückgegangen. Mit 673 Millionen Tonnen fiel der Ausstoß um 46 Prozent niedriger aus als im Referenzjahr 1990, wie der Lobbyverband A… [+1969 chars]",,de,'Heizen'
https://www.stern.de/gesellschaft/regional/bayern/regenerative-energien--landkreise-und-gemeinden-steigen-in-energie-produktion-ein-34335900.html,https://www.stern.de/gesellschaft/regional/bayern/regenerative-energien--landkreise-und-gemeinden-steigen-in-energie-produktion-ein-34335900.html,0,www.stern.de,Regenerative Energien: Landkreise und Gemeinden steigen in Energie-Produktion ein,"Bayernweit gründen erste Landkreise gemeinsam mit ihren Kommunen Energieunternehmen, um künftig selbst Energie zu erzeugen. Photovoltaik und Windkraft sollen so weiter vorangebracht werden.",https://image.stern.de/34335902/t/aT/v1/w1440/r1.7778/-/04--urnnewsmldpacom2009010124010499486486v2w800h600l597t380r1585b1254jpeg---01522d9980d2dc63.jpg,2024-01-04T04:52:05Z,,"Bayernweit gründen erste Landkreise gemeinsam mit ihren Kommunen Energieunternehmen, um künftig selbst Energie zu erzeugen. Photovoltaik und Windkraft sollen so weiter vorangebracht werden.
Erste La… [+3129 chars]",,de,'Photovoltaik'
https://www.stern.de/politik/deutschland/deutschlands-co2-ausstoss-sinkt-auf-niedrigsten-wert-seit-50er-jahren-34336176.html,https://www.stern.de/politik/deutschland/deutschlands-co2-ausstoss-sinkt-auf-niedrigsten-wert-seit-50er-jahren-34336176.html,0,www.stern.de,Rekordtief: Deutschlands CO2-Ausstoß sinkt auf niedrigsten Wert seit den 1950er-Jahren,"Deutschland stößt so wenig Treibhausgase aus wie seit Jahrzehnten nicht mehr. Das berichten Experten der Denkfabrik Agora Energiewende. Doch das klingt besser, als es ist.",https://image.stern.de/33283244/t/sl/v2/w1440/r1.7778/-/treibhausgase-umweltbundesamt-deutschland.jpg,2024-01-04T07:39:00Z,,"Deutschland stößt so wenig Treibhausgase aus wie seit Jahrzehnten nicht mehr. Das berichten Experten der Denkfabrik Agora Energiewende. Doch das klingt besser, als es ist.
Deutschland hat im vergang… [+6053 chars]",,de,'Energiewende'
https://taz.de/Studie-zu-CO-Emissionen/!5983584/,https://taz.de/Studie-zu-CO-Emissionen/!5983584/,0,taz.de,Studie zu CO₂-Emissionen: Fürs Erste weniger ausgestoßen,"Weniger Strom aus Kohle, schwächelnde Industrie: Deutschlands Emissionen sinken 2023 auf ein Rekordtief. Das zeigt eine Studie von Agora Energiewende.",https://taz.de/picture/6744449/948/windrad-solaranlage-1.jpeg,2024-01-04T07:47:00Z,,"Weniger Strom aus Kohle, schwächelnde Industrie: Deutschlands Emissionen sinken 2023 auf ein Rekordtief. Das zeigt eine Studie von Agora Energiewende.
Schön ists, wenn der Wind weht: Windkraft und S… [+5563 chars]",,de,'Energiewende'
https://www.morgenpost.de/politik/inland/article241264882/Treibhausgas-Ausstoss-auf-niedrigstem-Wert-seit-1950ern.html,https://www.morgenpost.de/politik/inland/article241264882/Treibhausgas-Ausstoss-auf-niedrigstem-Wert-seit-1950ern.html,0,www.morgenpost.de,Treibhausgas-Ausstoß auf niedrigstem Wert seit 1950ern,Deutschland stößt so wenig Treibhausgase aus wie seit langem nicht mehr. Davon gehen Experten der Denkfabrik Agora Energiewende aus. Doch das klingt besser als es ist.,https://img.sparknews.funkemedien.de/241264880/241264880_1704356042_v4_3_800.jpeg,2024-01-04T07:47:00Z,,"Berlin. Deutschland stößt so wenig Treibhausgase aus wie seit langem nicht mehr. Davon gehen Experten der Denkfabrik Agora Energiewende aus. Doch das klingt besser als es ist.
Deutschland hat im ver… [+6112 chars]",,de,'Energiewende'
https://www.focus.de/earth/analyse/niedrigster-stand-seit-den-1950ern-deutschlands-co2-ausstoss-auf-rekordtief-doch-das-klingt-besser-als-es-ist_id_259546890.html,https://www.focus.de/earth/analyse/niedrigster-stand-seit-den-1950ern-deutschlands-co2-ausstoss-auf-rekordtief-doch-das-klingt-besser-als-es-ist_id_259546890.html,0,www.focus.de,"Niedrigster Stand seit den 1950ern - Deutschlands CO2-Ausstoß auf Rekordtief - doch das klingt besser, als es ist","Neuer Rekord: Deutschland stößt so wenig Treibhausgase aus wie seit den 1950ern nicht mehr. Davon gehen neue Schätzungen der Denkfabrik Agora Energiewende aus. Doch das klingt besser, als es ist.",https://p6.focus.de/img/fotos/id_259546879/imago0237950342h.jpg?im=Crop%3D%280%2C577%2C3466%2C1730%29%3BResize%3D%281200%2C627%29&impolicy=perceptual&quality=mediumHigh&hash=1a6fcfa8a60efb888918a916c25acfce1d3d8b735726b11c0bdf5566129556cf,2024-01-04T08:40:18Z,,"Neuer Rekord: Deutschland stößt so wenig Treibhausgase aus wie seit den 1950ern nicht mehr. Davon gehen neue Schätzungen der Denkfabrik Agora Energiewende aus. Doch das klingt besser, als es ist.Deut… [+7578 chars]",,de,'Energiewende'
https://www.sueddeutsche.de/politik/treibhausgase-co2-deutschland-agora-energiewende-studie-1.6328138,https://www.sueddeutsche.de/politik/treibhausgase-co2-deutschland-agora-energiewende-studie-1.6328138,0,www.sueddeutsche.de,Treibhausgase: CO₂-Ausstoß in Deutschland so niedrig wie in den 1950er-Jahren,"Was in den Berechnungen der Experten der Denkfabrik Agora Energiewende vielversprechend klingt, ist allerdings kein dauerhafter Erfolg für den Klimaschutz.",https://www.sueddeutsche.de/image/sz.1.6328139/1200x675?v=1704366104,2024-01-04T09:25:58Z,,Auf dem Papier klingt das Fazit perfekt: Deutschland hat im vergangenen Jahr so wenig Treibhausgase produziert wie seit sieben Jahrzehnten nicht mehr. Nach vorläufigen Berechnungen der Denkfabrik Ago… [+4826 chars],,de,'Energiewende'
https://www.tagesspiegel.de/berlin/15-prozent-mehr-fur-brot-zucker-und-milch-deutlicher-preisanstieg-in-berlin-und-brandenburg-2023-11003257.html,https://www.tagesspiegel.de/berlin/15-prozent-mehr-fur-brot-zucker-und-milch-deutlicher-preisanstieg-in-berlin-und-brandenburg-2023-11003257.html,0,www.tagesspiegel.de,"15 Prozent mehr für Brot, Zucker und Milch: Deutlicher Preisanstieg in Berlin und Brandenburg 2023","Durchschnittlich 12,2 Prozent in Berlin und 13,8 Prozent in Brandenburg sind Lebensmittelpreise im vergangenen Jahr gestiegen. Manche Nahrungsmittel sind sogar noch teurer.",https://www.tagesspiegel.de/images/supermarkt-regal-mit-verschiedenen-produkten-kuhlregal-mit-verschiedenen-milchprodukten-milch-sa/alternates/BASE_16_9_W1400/supermarkt-regal-mit-verschiedenen-produkten-kuehlregal-mit-verschiedenen-milchprodukten-milch-sa.jpeg,2024-01-04T13:15:43Z,,"Vor allem für Lebensmittel haben Verbraucherinnen und Verbraucher im vergangenen Jahr deutlich mehr bezahlen müssen. Die Nahrungsmittelpreise stiegen im Jahresdurchschnitt um 12,2 Prozent in Berlin u… [+1402 chars]",,de,'Preisanstieg'
https://www.n-tv.de/ratgeber/Diese-Besteuerung-gilt-fuer-neu-installierte-Photovoltaikanlagen-article24617113.html,https://www.n-tv.de/ratgeber/Diese-Besteuerung-gilt-fuer-neu-installierte-Photovoltaikanlagen-article24617113.html,0,www.n-tv.de,Lohnende Investition?: Diese Besteuerung gilt für neu installierte Photovoltaikanlagen,"Wer eine Photovoltaik-Anlage zur Energieerzeugung besitzt, möchte sparen - und zwar meist nicht nur Emissionen. Gut zu wissen: Steuern fallen bei neueren Anlagen meist keine an.",https://bilder3.n-tv.de/img/incoming/crop24615342/390132145-cImg_16_9-w1200/Sonnenenergie-optimal-nutzen-Fur-Eigenheimbesitzer-ist-eine-Solaranlage-auf-dem-Dach-eine-Option.jpg,2024-01-04T14:13:43Z,,"Wer eine Photovoltaik-Anlage zur Energieerzeugung besitzt, möchte sparen - und zwar meist nicht nur Emissionen. Gut zu wissen: Steuern fallen bei neueren Anlagen meist keine an. 
Die Reform des Erne… [+3450 chars]",,de,'Photovoltaik'
https://www.zeit.de/mobilitaet/2024-01/tesla-brandenburg-roadshow-gruenheide-erweiterung,https://www.zeit.de/mobilitaet/2024-01/tesla-brandenburg-roadshow-gruenheide-erweiterung,0,www.zeit.de,Tesla in Brandenburg: Auf der Suche nach neuen Fans,"Die ganze Woche tourt ein Tesla-Team durch Brandenburg, um die Bürger vom Ausbau der Gigafabrik zu überzeugen. Aber kann die verdruckste Aktion wirklich überzeugen?",https://img.zeit.de/mobilitaet/2024-01/tesla-brandenburg-roadshow/wide__1300x731,2024-01-04T15:35:44Z,,"Als das Gespräch auf den Streitpunkt Wald zusteuert, wirkt es einen Moment lang so, als hätte der Tesla-Mitarbeiter den Rentner endlich am Haken. Schon seit Minuten steht der alte Mann neben ihm, hoc… [+462 chars]",,de,'Ausbau'
https://www.zeit.de/news/2024-01/05/dgb-will-von-kuestenlaendern-gemeinsame-energiewende-politik,https://www.zeit.de/news/2024-01/05/dgb-will-von-kuestenlaendern-gemeinsame-energiewende-politik,0,www.zeit.de,Bundesländer: DGB will von Küstenländern gemeinsame Energiewende-Politik,Hier finden Sie Informationen zu dem Thema „Bundesländer“. Lesen Sie jetzt „DGB will von Küstenländern gemeinsame Energiewende-Politik“.,https://img.zeit.de/news/2024-01/05/dgb-will-von-kuestenlaendern-gemeinsame-energiewende-politik-image-group/wide__1300x731,2024-01-05T04:33:19Z,,Der Deutsche Gewerkschaftsbund (DGB) fordert die fünf norddeutschen Küstenländer zu einer gemeinsamen Industriepolitik für ein Gelingen der Energiewende auf. «Mit Kleinstaaterei kommen wir an dieser … [+3715 chars],,de,'Energiewende'
https://www.stern.de/gesellschaft/regional/hamburg-schleswig-holstein/bundeslaender--dgb-will-von-kuestenlaendern-gemeinsame-energiewende-politik-34339006.html,https://www.stern.de/gesellschaft/regional/hamburg-schleswig-holstein/bundeslaender--dgb-will-von-kuestenlaendern-gemeinsame-energiewende-politik-34339006.html,0,www.stern.de,Bundesländer: DGB will von Küstenländern gemeinsame Energiewende-Politik,"Eine ""Jahrhundertchance"" für die Küste hatte der DGB einmal die Energiewende genannt. Damit die auch verwirklicht werden kann, müssen aus Sicht der Gewerkschaften aber alle Länder an einer Leine ziehen.",https://image.stern.de/34339008/t/gh/v1/w1440/r1.7778/-/05--urnnewsmldpacom2009010124010599497306v2w800h600l857t233r4865b2990jpeg---94a26541b7368e3d.jpg,2024-01-05T04:33:19Z,,"Eine ""Jahrhundertchance"" für die Küste hatte der DGB einmal die Energiewende genannt. Damit die auch verwirklicht werden kann, müssen aus Sicht der Gewerkschaften aber alle Länder an einer Leine zieh… [+2892 chars]",,de,'Energiewende'
https://www.tagesschau.de/wirtschaft/dgb-kuestenlaender-energiewende-norddeutschland-100.html,https://www.tagesschau.de/wirtschaft/dgb-kuestenlaender-energiewende-norddeutschland-100.html,0,www.tagesschau.de,Norddeutsche Länder: DGB fordert gemeinsame Energiewende-Politik,"Der Deutsche Gewerkschaftsbund ruft die fünf norddeutschen Küstenländer zu einer gemeinsamen Industriepolitik für die Energiewende auf. Der DGB kritisiert, es mangele an Konzepten und Allianzen.",https://images.tagesschau.de/image/43bb2866-cf13-464f-8cb5-daf356a30611/AAABjNhd1Ig/AAABibBxqrQ/16x9-1280/windkraft-174.jpg,2024-01-05T08:08:54Z,,"Stand: 05.01.2024 09:08 Uhr
Der Deutsche Gewerkschaftsbund ruft die fünf norddeutschen Küstenländer zu einer gemeinsamen Industriepolitik für die Energiewende auf. Der DGB kritisiert, es mangele an … [+2466 chars]",,de,'Energiewende'
https://www.stern.de/digital/technik/diese-neuen-regeln-sollen-bald-fuer-balkonkraftwerke-gelten-34339456.html,https://www.stern.de/digital/technik/diese-neuen-regeln-sollen-bald-fuer-balkonkraftwerke-gelten-34339456.html,0,www.stern.de,"Eigene Solarenergie: Balkonkraftwerke: Neues Jahr, neue Regeln?","Die Leistungsgrenze für Balkonkraftwerke sollte eigentlich ab Januar 2024 von 600 auf 800 Watt steigen. Doch diese und andere geplante Änderungen verzögern sich noch, denn der Bundestags will erst Mitte Januar darüber abstimmen. Was Nutzer von Balkonkraftwerk…",https://image.stern.de/34303280/t/0B/v4/w1440/r1.7778/-/balkonkraftwerk.jpg,2024-01-05T08:13:00Z,,"Die Leistungsgrenze für Balkonkraftwerke sollte eigentlich ab Januar 2024 von 600 auf 800 Watt steigen. Doch diese und andere geplante Änderungen verzögern sich noch, denn der Bundestags will erst Mi… [+5608 chars]",,de,'Solar'
https://www.iphone-ticker.de/mars-bot-jackery-praesentiert-mobilen-solargenerator-227799/,https://www.iphone-ticker.de/mars-bot-jackery-praesentiert-mobilen-solargenerator-227799/,0,www.iphone-ticker.de,Mars Bot: Jackery präsentiert mobilen Solargenerator,"Angekündigt hatte der auf Solargeneratoren und Stromspeicherlösungen spezialisierte Anbieter Jackery seinen sogenannten Mars Bot schon im vergangenen Herbst, auf der diesjährigen Elektronikmesse CES, die vom neunten bis zum zwölften Januar in Las Vegas stattf…",https://images.iphone-ticker.de/wp-content/uploads/2024/01/mars-bot-jackery.jpg,2024-01-05T10:20:56Z,,"Angekündigt hatte der auf Solargeneratoren und Stromspeicherlösungen spezialisierte Anbieter Jackery seinen sogenannten Mars Bot schon im vergangenen Herbst, auf der diesjährigen Elektronikmesse CES,… [+1735 chars]",,de,'Photovoltaik'
https://www.focus.de/earth/analyse/hat-uns-alle-ueberrascht-die-deutsche-solar-sensation-erstaunt-sogar-experten_id_259550348.html,https://www.focus.de/earth/analyse/hat-uns-alle-ueberrascht-die-deutsche-solar-sensation-erstaunt-sogar-experten_id_259550348.html,0,www.focus.de,„Hat uns alle überrascht“ - Die deutsche Solar-Sensation erstaunt sogar Experten,"Deutschland im Sonnenrausch: Mehr als eine Million PV-Anlagen haben die Bundesbürger im letzten Jahr installiert, ein ganzes Land schraubt sich Solarmodule auf die Eigenheime und Hallendächer. Was ist da los? Und kann das Wunder-Wachstum von Dauer sein?",https://p6.focus.de/img/fotos/id_259550445/gettyimages-1240146034-1-.jpg?im=Crop%3D%280%2C125%2C3517%2C1761%29%3BResize%3D%281200%2C627%29&impolicy=perceptual&quality=mediumHigh&hash=2e727cdabed668d3b7a5de36eb95a3ec1ad788c34906c24302ec484376ed4c82,2024-01-05T10:36:12Z,,"Deutschland im Sonnenrausch: Mehr als eine Million PV-Anlagen haben die Bundesbürger im letzten Jahr installiert, ein ganzes Land schraubt sich Solarmodule auf Eigenheime und Hallendächer. Was ist da… [+9863 chars]",,de,'Solar'
https://orf.at/stories/3344847/,https://orf.at/stories/3344847/,0,orf.at,Strom: Anteil der Erneuerbaren schon bei 87 Prozent,,https://orf.at/mojo/1_4_1/storyserver//news/common/images/og-fallback-news.png,2024-01-05T15:01:06Z,,Der Photovoltaikboom sowie ein Plus bei der Windkraft bei gleichzeitig sinkender fossiler Erzeugung haben den Anteil erneuerbarer Energie an der Stromerzeugung im vergangenen Jahr auf 87 Prozent (202… [+1280 chars],,de,'Photovoltaik'
https://www.appgefahren.de/jackery-bei-der-ces-2024-neuer-solargenerator-solar-mars-bot-5000-in-den-startloechern-350340.html,https://www.appgefahren.de/jackery-bei-der-ces-2024-neuer-solargenerator-solar-mars-bot-5000-in-den-startloechern-350340.html,0,www.appgefahren.de,Jackery bei der CES 2024: Neuer Solargenerator Solar Mars Bot 5000 in den Startlöchern,Das Unternehmen Jackery ist auch bei uns im Blog mittlerweile eine alte Bekannte. Der Hersteller von mobilen Energielösungen hat nun auf der CES 2024 in Las Vegas eine neue Produkt-Premiere gefeiert und mit dem Solargenerator Solar Mars Bot 5000 ein innovativ…,https://www.appgefahren.de/wp-content/uploads/2024/01/Jackery-Solar-Mars-Bot-5000-Icon.jpg,2024-01-05T15:42:11Z,,Das Unternehmen Jackery ist auch bei uns im Blog mittlerweile eine alte Bekannte. Der Hersteller von mobilen Energielösungen hat nun auf der CES 2024 in Las Vegas eine neue Produkt-Premiere gefeiert … [+2608 chars],,de,'Photovoltaik'
https://www.businessinsider.de/gruenderszene/perspektive/meine-firma-hat-mich-krank-gemacht/,https://www.businessinsider.de/gruenderszene/perspektive/meine-firma-hat-mich-krank-gemacht/,0,www.businessinsider.de,"Handysucht, Schlafmangel, Burnout: Er fand einen Weg aus dem Startup-Chaos – und schaffte den Exit",Mit seiner Solar-Firma legte er einen Exit hin. Doch hinter den Kulissen litt er an Burnout. Über seine fünfmonatige Auszeit.,https://cdn.businessinsider.de/wp-content/uploads/2022/11/TobiasSchuett.jpeg?ver=1667981350,2024-01-05T15:45:33Z,,"Mein letzter Sommer war eine Katastrophe, erzählt Tobias Schütt im Gespräch mit Gründerszene. Ich habe nur gearbeitet. Bis in die totale Überforderung hinein. Ständig habe er am Handy gehangen. Die A… [+1025 chars]",,de,'Solar'
https://noe.orf.at/stories/3239359/,https://noe.orf.at/stories/3239359/,0,noe.orf.at,2023 war Rekordjahr für PV-Ausbau,Im Vorjahr sind bei Netz Niederösterreich 43.561 Photovoltaik-Anlagen (PV-Anlagen) angemeldet worden. Das entspricht laut dem Unternehmen einer Verdopplung im Vergleich zum bisherigen Rekordjahr 2022. Ein Ende des Booms sei nicht in Sicht.,https://ibs.orf.at/noe?image=https%3A%2F%2Foekastatic.orf.at%2Fmims%2F2020%2F42%2F77%2Fcrops%2Fw%3D1200%2Ch%3D627%2Cq%3D75%2F720331_master_249877_solar-panel-array-1591358_1280.jpg%3Fs%3Dd1d003fcad9a1e4b0de09238dddec86ee44668d9,2024-01-05T16:06:00Z,,"Knapp 98.000 PV-Anlagen würden mittlerweile bei Netz NÖ einspeisen. Das seien etwa 25 Prozent der in Österreich befindlichen Sonnenkraftwerke, berichtet die EVN-Tochter Netz Niederösterreich in einer… [+924 chars]",,de,'Ausbau'
https://www.macerkopf.de/2024/01/05/jackery-praesentiert-mobilen-solargenerator-mars-bot/,https://www.macerkopf.de/2024/01/05/jackery-praesentiert-mobilen-solargenerator-mars-bot/,0,www.macerkopf.de,Jackery präsentiert mobilen Solargenerator „Mars Bot“,Pünktlich zur bevorstehenden Consumer Electronics Show 2024 zeigt Jackery den mobilen Solargenerator Mars Bot sowie ein neues Solar-Dachzelt mit Powerstation. Jackery präsentiert mobilen Solargenerator „Mars Bot“ Jackery gehört zu den weltweit führenden Anbie…,https://www.macerkopf.de/wp-content/uploads/2024/01/jackery_mars_bot_1.jpg,2024-01-05T16:24:50Z,,"Pünktlich zur bevorstehenden Consumer Electronics Show 2024 zeigt Jackery den mobilen Solargenerator Mars Bot sowie ein neues Solar-Dachzelt mit Powerstation.
Jackery gehört zu den weltweit führende… [+1790 chars]",,de,'Solar'
https://www.stern.de/gesellschaft/regional/sachsen/stromerzeugung--kommunen-investieren-in-solaranlagen-auf-kommunalen-daechern-34342052.html,https://www.stern.de/gesellschaft/regional/sachsen/stromerzeugung--kommunen-investieren-in-solaranlagen-auf-kommunalen-daechern-34342052.html,0,www.stern.de,Stromerzeugung: Kommunen investieren in Solaranlagen auf kommunalen Dächern,"Solaranlagen auf kommunalen Gebäuden: Auf Dächern ist Platz für solche Anlagen, die zumeist den Stromverbrauch der Objekte sichern. Viel Kommunen haben diese Möglichkeit bereits erkannt.",https://image.stern.de/34342054/t/fp/v1/w1440/r1.7778/-/06--urnnewsmldpacom2009010124010699509129v3w800h600l599t472r1334b1432jpeg---ff893fffdd895468.jpg,2024-01-06T07:00:27Z,,"Solaranlagen auf kommunalen Gebäuden: Auf Dächern ist Platz für solche Anlagen, die zumeist den Stromverbrauch der Objekte sichern. Viel Kommunen haben diese Möglichkeit bereits erkannt.
Kommunen in… [+2356 chars]",,de,'Solar'
https://www.zeit.de/news/2024-01/06/ausbau-der-ice-strecke-durch-bamberg-zieht-sich-weiter-hin,https://www.zeit.de/news/2024-01/06/ausbau-der-ice-strecke-durch-bamberg-zieht-sich-weiter-hin,0,www.zeit.de,ÖPNV: Ausbau der ICE-Strecke durch Bamberg zieht sich weiter hin,Hier finden Sie Informationen zu dem Thema „ÖPNV“. Lesen Sie jetzt „Ausbau der ICE-Strecke durch Bamberg zieht sich weiter hin“.,https://img.zeit.de/news/2024-01/06/ausbau-der-ice-strecke-durch-bamberg-zieht-sich-weiter-hin-image-group/wide__1300x731,2024-01-06T07:12:25Z,,Der Ausbau der ICE-Strecke München-Berlin durch die Stadt Bamberg und angrenzende Gemeinden wird sich weiter hinziehen. Ursprünglich sollten von diesem Montag (8. Januar) an die Planungsunterlagen de… [+4716 chars],,de,'Ausbau'
https://www.stern.de/gesellschaft/regional/sachsen-anhalt/energie--kommunen-investieren-in-solaranlagen-auf-kommunalen-daechern-34342112.html,https://www.stern.de/gesellschaft/regional/sachsen-anhalt/energie--kommunen-investieren-in-solaranlagen-auf-kommunalen-daechern-34342112.html,0,www.stern.de,Energie: Kommunen investieren in Solaranlagen auf kommunalen Dächern,"Viele Kommunen im Land haben bereits Pläne erarbeitet, wie sie in den kommenden Jahren klimaneutral werden wollen. Ein Punkt: Solaranlagen auf kommunalen Gebäuden. Langsam zeigen sich erste Erfolge.",https://image.stern.de/34342114/t/4e/v1/w1440/r1.7778/-/06--urnnewsmldpacom2009010124010699509248v3w800h600l639t478r1917b1434jpeg---afcd888e219acafc.jpg,2024-01-06T07:21:07Z,,"Viele Kommunen im Land haben bereits Pläne erarbeitet, wie sie in den kommenden Jahren klimaneutral werden wollen. Ein Punkt: Solaranlagen auf kommunalen Gebäuden. Langsam zeigen sich erste Erfolge.… [+1446 chars]",,de,'Solar'
https://www.zeit.de/news/2024-01/06/kommunen-investieren-in-solaranlagen-auf-kommunalen-daechern,https://www.zeit.de/news/2024-01/06/kommunen-investieren-in-solaranlagen-auf-kommunalen-daechern,0,www.zeit.de,Energie: Kommunen investieren in Solaranlagen auf kommunalen Dächern,Hier finden Sie Informationen zu dem Thema „Energie“. Lesen Sie jetzt „Kommunen investieren in Solaranlagen auf kommunalen Dächern“.,https://img.zeit.de/news/2024-01/06/kommunen-investieren-in-solaranlagen-auf-kommunalen-daechern-image-group/wide__1300x731,2024-01-06T07:21:07Z,,"Die Kommunen in Sachsen-Anhalt treiben den Ausbau von Solaranlagen auf kommunalen Dächern voran. Im vergangenen Jahr wurden unter anderem in Magdeburg, Halle, Bitterfeld-Wolfen und Staßfurt entsprech… [+1904 chars]",,de,'Solar'
https://stadt-bremerhaven.de/erneuerbare-energien-wachstum-im-jahr-2023/,https://stadt-bremerhaven.de/erneuerbare-energien-wachstum-im-jahr-2023/,0,stadt-bremerhaven.de,Erneuerbare Energien: Wachstum im Jahr 2023,"Die Bundesnetzagentur hat erste Daten zum Anstieg der erneuerbaren Energien für das Jahr 2023 veröffentlicht. Es wurde eine Zunahme der installierten Kapazität von erneuerbaren Energieanlagen um 17 Gigawatt gemessen, was eine Gesamtkapazität von etwa 170 Giga…",https://stadt-bremerhaven.de/wp-content/uploads/2023/06/Solarzelle-Dach.jpg,2024-01-06T16:00:54Z,,Die Bundesnetzagentur hat erste Daten zum Anstieg der erneuerbaren Energien für das Jahr 2023 veröffentlicht. Es wurde eine Zunahme der installierten Kapazität von erneuerbaren Energieanlagen um 17 G… [+2092 chars],,de,'Erneuerbare'
https://www.faz.net/aktuell/wirtschaft/schweizer-waehrung-die-zweischneidige-franken-staerke-19428096.html,https://www.faz.net/aktuell/wirtschaft/schweizer-waehrung-die-zweischneidige-franken-staerke-19428096.html,0,www.faz.net,Schweizer Währung: Die zweischneidige Franken-Stärke,"Die Schweizerische Nationalbank stärkt den Franken und dämpft damit die Inflation. Das nützt Konsumenten und Unternehmen. Doch die Regierung in Bern sollte auch selbst dazu beitragen, den Wirtschaftsstandorts zu sichern.",https://media0.faz.net/ppmedia/aktuell/2518186572/1.9428362/facebook_teaser/starke-waehrung-gebuendelte.jpg,2024-01-07T08:42:40Z,,"Schweizer haben auf Reisen im Ausland derzeit gut lachen. Ihre Heimatwährung ist gegenüber dem Euro so stark wie noch nie. Bloß 0,93 Franken sind heute für einen Euro fällig als die Gemeinschaftswähr… [+4289 chars]",,de,'Wasserkraft'
https://tirol.orf.at/stories/3239240/,https://tirol.orf.at/stories/3239240/,0,tirol.orf.at,Stahlfirma setzt komplett auf Photovoltaik,"Der Baustahlproduzent „Arwey Stahl“ in Weer (Bezirk Schwaz) setzt voll auf Sonnenenergie. Seit kurzem kommt der ganze Strom, der für die Produktion benötigt wird, aus einer großflächigen Photovoltaikanlage. Damit spart das Unternehmen nach eigenen Angaben jäh…",https://ibs.orf.at/tir?image=https%3A%2F%2Foekastatic.orf.at%2Fmims%2F2024%2F01%2F97%2Fcrops%2Fw%3D1200%2Ch%3D627%2Cq%3D75%2F2061069_master_777797_totale_oben.jpg%3Fs%3Daf8c16458fab6575f1603be1f7c81587316afaac,2024-01-07T08:49:03Z,,"Das gesamte Hallendach und die halbe Fassade des Baustahlunternehmens sind mit Photovoltaikpaneelen bestückt. Das sind insgesamt 1.800 Quadratmeter. Das genügt, um die Eisenbiegerei auch im Winter zu… [+1308 chars]",,de,'Photovoltaik'
https://wien.orf.at/stories/3239564/,https://wien.orf.at/stories/3239564/,0,wien.orf.at,Ausbaurekord bei Photovoltaik,Die Wien Energie hat einen Ausbaurekord bei Photovoltaik (PV) vermeldet. Im Jahr 2023 hat das Energieunternehmen rund 60 PV-Anlagen errichtet. Insgesamt erzeugt das Unternehmen aktuell 150 Megawatt Sonnenstrom.,https://ibs.orf.at/wie?image=https%3A%2F%2Foekastatic.orf.at%2Fmims%2F2024%2F02%2F20%2Fcrops%2Fw%3D1200%2Ch%3D627%2Cq%3D75%2F2063601_master_778820__ch30061lr.jpg%3Fs%3D9dd94b29d41fffece4d442e4410817f6c837d8b1,2024-01-07T10:20:18Z,,"50 der Anlagen wurden in Wien errichtet, die restlichen außerhalb der Stadt. Besonders stolz zeigte sich das Unternehmen über die Anlage am Rathaus, wo die PV-Module entlang der Dachschrägen Richtung… [+1487 chars]",,de,'Photovoltaik'
https://noe.orf.at/stories/3237543/,https://noe.orf.at/stories/3237543/,0,noe.orf.at,Ernte & Energie: PV-Anlagen im Feldversuch,"Einerseits braucht es mehr Photovoltaik (PV) für die Energiewende, andererseits sollen landwirtschaftliche Böden nicht verbaut werden. Die Lösung könnte eine Verbindung von PV und Landwirtschaft sein – „Agri-PV“. Eine erste Bilanz auf Versuchsflächen fällt po…",https://ibs.orf.at/noe?image=https%3A%2F%2Foekastatic.orf.at%2Fmims%2F2023%2F51%2F87%2Fcrops%2Fw%3D1200%2Ch%3D627%2Cq%3D75%2F2047974_master_772487_sonnenfeld_mohn_juni23.jpg%3Fs%3Db58ed4650f8265203d2d69c55a1ea34bd9d04393,2024-01-07T17:22:16Z,,"Beispiel 1: Das Sonnenfeld in Bruck an der Leitha. Auf fünfeinhalb Hektar wurden vor einem Jahr Reihen von Photovoltaik-Paneelen in mehr als drei Metern Höhe angebracht, die sich nach der Sonne ausri… [+4296 chars]",,de,'Energiewende'
https://www.n-tv.de/ratgeber/Photovoltaik-So-rechnet-sich-der-Strom-vom-Dach-article24617037.html,https://www.n-tv.de/ratgeber/Photovoltaik-So-rechnet-sich-der-Strom-vom-Dach-article24617037.html,0,www.n-tv.de,Lohnende Investition?: Photovoltaik: So rechnet sich der Strom vom Dach,"Die Energiewende wird viel diskutiert, nicht alles ist klar. Für Hausbesitzer, die sich für Photovoltaik interessieren und dabei auf Wirtschaftlichkeit achten wollen, gibt es einiges zu wissen.",https://bilder3.n-tv.de/img/incoming/crop24615342/5141326705-cImg_16_9-w1200/Sonnenenergie-optimal-nutzen-Fur-Eigenheimbesitzer-ist-eine-Solaranlage-auf-dem-Dach-eine-Option.jpg,2024-01-08T05:39:46Z,,"Die Energiewende wird viel diskutiert, nicht alles ist klar. Für Hausbesitzer, die sich für Photovoltaik interessieren und dabei auf Wirtschaftlichkeit achten wollen, gibt es einiges zu wissen.
Phot… [+8866 chars]",,de,'Photovoltaik'
https://www.telepolis.de/features/Wieso-Deutschland-bei-gruenem-Wasserstoff-nicht-vorankommt-9589715.html,https://www.telepolis.de/features/Wieso-Deutschland-bei-gruenem-Wasserstoff-nicht-vorankommt-9589715.html,0,www.telepolis.de,Wieso Deutschland bei grünem Wasserstoff nicht vorankommt,Deutschland setzt bei der Energiewende auf grünen Wasserstoff. Bei Produktion und Infrastruktur gibt es erhebliche Probleme. Wo es warum hakt.,https://heise.cloudimg.io/bound/1200x1200/q85.png-lossy-85.webp-lossy-85.foil1/_www-heise-de_/imgs/18/4/5/2/2/0/4/8/green-h2-3d_ho-25fcb2acd9c35eb6.jpeg,2024-01-08T06:00:00Z,,"Deutschland setzt bei der Energiewende auf grünen Wasserstoff. Bei Produktion und Infrastruktur gibt es erhebliche Probleme. Wo es warum hakt.
Grüner Wasserstoff ist ein zentraler Baustein der Energ… [+4975 chars]",,de,'Energiewende'
https://www.basicthinking.de/blog/2024/01/08/erneuerbare-energie-uruguay-energiewende/,https://www.basicthinking.de/blog/2024/01/08/erneuerbare-energie-uruguay-energiewende/,0,www.basicthinking.de,Erneuerbare Energie: So hat Uruguay die Energiewende geschafft,"Die Energiewende ist in vielen Ländern ein heiß diskutiertes Thema. Doch während Deutschland erst 2045 klimaneutral sein will, setzen andere Länder wie Uruguay bereits fast vollständig auf erneuerbare Energie. Der Ausbau erneuerbarer Energien soll in Deutschl…",https://www.basicthinking.de/blog/wp-content/uploads/2024/01/erneuerbare-energie-uruguay.jpeg,2024-01-08T11:57:22Z,,"Die Energiewende ist in vielen Ländern ein heiß diskutiertes Thema. Doch während Deutschland erst 2045 klimaneutral sein will, setzen andere Länder wie Uruguay bereits fast vollständig auf erneuerbar… [+2669 chars]",,de,'Energiewende'
https://www.diepresse.com/17973068/wieso-das-wirtschaftsjahr-2024-besser-werden-koennte-als-gedacht,https://www.diepresse.com/17973068/wieso-das-wirtschaftsjahr-2024-besser-werden-koennte-als-gedacht,0,www.diepresse.com,Wieso das Wirtschaftsjahr 2024 besser werden könnte als gedacht,"Die Inflation in Österreich ist mit 5,6 Prozent im Dezember 23 noch immer höher als im Nachbarland Deutschland. Wieso Österreich dennoch nicht so schlecht da steht und die USA bisher eine Rezession abwehren konnte, erklärt Gerhard Hofer in dieser Podcastfolge…",https://img.diepresse.com/public/incoming/wh3vvk-1849594515/alternates/DPR_PODCAST_WASWICHTIGWIRD/1849594515,2024-01-08T16:00:00Z,,"Die Inflation in Österreich ist mit 5,6 Prozent im Dezember 23 noch immer höher als im Nachbarland Deutschland. Wieso Österreich dennoch nicht so schlecht da steht und die USA bisher eine Rezession a… [+1885 chars]",,de,'Inflation'
https://www.diepresse.com/17973068/inflation-rezession-signa-wie-wird-das-wirtschaftsjahr-2024,https://www.diepresse.com/17973068/inflation-rezession-signa-wie-wird-das-wirtschaftsjahr-2024,0,www.diepresse.com,"Wirtschaftsjahr 2024: „Es wird kein Superjahr, aber wir kommen da durch“",Die Inflation in Österreich ist noch immer höher als im Nachbarland Deutschland. Woran das liegt erklärt Gerhard Hofer in dieser Podcastfolge zum Wirtschafts- und Superwahljahr 2024.,https://img.diepresse.com/public/incoming/wh3vvk-1849594515/alternates/DPR_PODCAST_WASWICHTIGWIRD/1849594515,2024-01-08T16:00:00Z,,"Die Inflation in Österreich ist noch immer höher als im Nachbarland Deutschland. Woran das liegt erklärt Gerhard Hofer in dieser Podcastfolge zum Wirtschafts- und Superwahljahr 2024. 
Wir sind Weltm… [+1767 chars]",,de,'Inflation'
https://www.nzz.ch/meinung/geringe-teuerung-und-zu-starker-franken-die-wahrnehmung-ist-arg-verkuerzt-ld.1773330,https://www.nzz.ch/meinung/geringe-teuerung-und-zu-starker-franken-die-wahrnehmung-ist-arg-verkuerzt-ld.1773330,0,www.nzz.ch,KOMMENTAR - Sich über die tiefe Teuerung freuen und gleichzeitig über den starken Franken ärgern geht nicht,"Keine Inflation, aber ein Währungsschock? Die neusten Inflationszahlen zeigen, dass es für eine Entwarnung an der Teuerungsfront noch zu früh ist. Und der Franken ist gar nicht so stark, wie manche jammern.","https://img.nzz.ch/2024/01/08/8f6e0418-40be-46d1-83f5-f372f411a781.jpeg?width=1200&height=675&fit=bound&quality=75&auto=webp&crop=6037,3396,x0,y562&wmark=nzz",2024-01-09T04:30:00Z,,"Die Inflation ist in der Schweiz im Dezember um 1,7 Prozent gestiegen.
Klare Narrative vereinfachen das Leben. Das ist meistens hilfreich, manchmal aber auch gefährlich, etwa wenn sich Anleger deswe… [+4002 chars]",,de,'Inflation'
https://www.nzz.ch/meinung/teuerung-und-starker-franken-die-wahrnehmung-ist-arg-verkuerzt-ld.1773330,https://www.nzz.ch/meinung/teuerung-und-starker-franken-die-wahrnehmung-ist-arg-verkuerzt-ld.1773330,0,www.nzz.ch,KOMMENTAR - Teuerung und starker Franken: Die Wahrnehmung ist arg verkürzt,"Geringe Teuerung wegen «Währungsschock»? Die neusten Inflationszahlen zeigen, dass es für eine Entwarnung an der Teuerungsfront noch zu früh ist. Und der Franken ist gar nicht so stark, wie manche jammern.",https://www.nzz.ch/nzz-fb.png,2024-01-09T04:30:00Z,,"Klare Narrative vereinfachen das Leben. Das ist meistens hilfreich, manchmal aber auch gefährlich, etwa wenn sich Anleger in falscher Sicherheit wähnen.
Das könnte gerade jetzt wieder ausgeprägt der… [+753 chars]",,de,'Inflation'
https://www.stern.de/wirtschaft/news/boerse--samsung-abermals-mit-deutlichem-gewinnrueckgang--34348840.html,https://www.stern.de/wirtschaft/news/boerse--samsung-abermals-mit-deutlichem-gewinnrueckgang--34348840.html,0,www.stern.de,Börse: Samsung abermals mit deutlichem Gewinnrückgang,Ein Überangebot in der Chipbranche machte Samsung schwer zu schaffen. Zudem trübte die hohe Inflation die Konsumlaune. Nun gibt es abermals einen deutlichen Gewinnrückgang für die Südkoreaner.,https://image.stern.de/34348586/t/u9/v2/w1440/r1.7778/-/09--urnnewsmldpacom2009010124010999536814v3w800h600l665t7r1945b860jpeg---b85c2b1c02684378.jpg,2024-01-09T04:57:50Z,,"Ein Überangebot in der Chipbranche machte Samsung schwer zu schaffen. Zudem trübte die hohe Inflation die Konsumlaune. Nun gibt es abermals einen deutlichen Gewinnrückgang für die Südkoreaner.
Anges… [+1398 chars]",,de,'Inflation'
https://www.focus.de/finanzen/news/boerse-samsung-abermals-mit-deutlichem-gewinnrueckgang_id_259559141.html,https://www.focus.de/finanzen/news/boerse-samsung-abermals-mit-deutlichem-gewinnrueckgang_id_259559141.html,0,www.focus.de,Börse - Samsung abermals mit deutlichem Gewinnrückgang,Ein Überangebot in der Chipbranche machte Samsung schwer zu schaffen. Zudem trübte die hohe Inflation die Konsumlaune. Nun gibt es abermals einen deutlichen Gewinnrückgang für die Südkoreaner.,https://p6.focus.de/img/finanzen/news/id_259559140/samsung-will-seine-fernseher-zum-herzstueck-im-vernetzten-zuhause-machen-archivbild.-.jpg?im=Crop%3D%280%2C170%2C2048%2C1024%29%3BResize%3D%281200%2C627%29&impolicy=perceptual&quality=mediumHigh&hash=dd4121f62b30c11bc9a3a4f8a1ac5614e22b08b1e9a7ba942d02aab0094f21aa,2024-01-09T05:05:10Z,,Angesichts der Kaufzurückhaltung der Verbraucher hat der Elektronik-Riese Samsung das sechste Quartal in Folge einen Rückgang des operativen Gewinns verzeichnet. Der Gewinn aus der gewöhnlichen Gesch… [+1195 chars],,de,'Inflation'
https://salzburg.orf.at/stories/3239786/,https://salzburg.orf.at/stories/3239786/,0,salzburg.orf.at,Industrie: Nur jeder dritte Betrieb investiert,Zwei von drei heimischen Industriebetrieben wollen im heurigen Jahr keine Investitionen tätigen. Das zeigt eine Umfrage der Wirtschaftskammer. Die starke Inflation und hohe Energie- und Personalkosten dämpfen die Investitionsfreude der Unternehmen.,https://ibs.orf.at/sbg?image=https%3A%2F%2Foekastatic.orf.at%2Fmims%2F2020%2F44%2F04%2Fcrops%2Fw%3D1200%2Ch%3D627%2Cq%3D75%2F737778_master_256104_buchi.jpg%3Fs%3D086a93baedcc6c660ce034536f0943cc6d11d4ae,2024-01-09T06:21:10Z,,"Gut 60 Prozent aller Unternehmen in Österreich sind Ein-Personen-Unternehmen (EPUs), konkret sind das mehr als 350.000 Betriebe. Es sind aber nicht so sehr diese Ein-Personen-Unternehmen, die der Wir… [+1669 chars]",,de,'Inflation'
