,phrase,label,sentiment,subjectivity,language,count
"Some of the information stored on your device,","Some of the information stored on your device,",MISC,,,de,264
…,…,MISC,7.888888888888885,3.222222222222222,de,255
deutschen,deutschen,MISC,,,de,137
"nan When browsing with ads:
","nan When browsing with ads:
",MISC,,,de,136
deutsche,deutsche,MISC,,,de,64
"When browsing with ads:
","When browsing with ads:
",MISC,,,de,58
russischen,russischen,MISC,,,de,40
Deutschen,Deutschen,MISC,,,de,38
"nan When browsing with ads:
We collect personal data and also transmit it to third-party providers
 that help us improve and finance our digital content.","nan When browsing with ads:
We collect personal data and also transmit it to third-party providers
 that help us improve and finance our digital content.",MISC,,,de,34
Deutsche,Deutsche,MISC,,,de,31
europäischen,europäischen,MISC,,,de,31
"When browsing with ads:
We collect personal data and also transmit it to third-party providers
 that help us improve and finance our digital content.","When browsing with ads:
We collect personal data and also transmit it to third-party providers
 that help us improve and finance our digital content.",MISC,,,de,29
Winter.,Winter.,MISC,0.49090909090909096,0.0,,23
Krieg in der Ukraine,Krieg in der Ukraine,MISC,,,de,21
Skript,Skript,MISC,,,de,19
Informatio…,Informatio…,MISC,,,de,19
europäische,europäische,MISC,,,de,18
russische,russische,MISC,,,de,16
Millionen,Millionen,MISC,1.4,1.8,de,15
Pandemie,Pandemie,MISC,,,de,15
DER SPIEGEL.,DER SPIEGEL.,MISC,,,de,15
LNG-Terminal,LNG-Terminal,MISC,,,de,13
deutscher,deutscher,MISC,,,de,13
ukrainische,ukrainische,MISC,,,de,13
russischer,russischer,MISC,,,de,13
Ampel-Koalition,Ampel-Koalition,MISC,,,de,13
Kölner,Kölner,MISC,,,de,12
Gaskrise,Gaskrise,MISC,,,de-DE,12
soziale,soziale,MISC,,,de,12
Weihnachten,Weihnachten,MISC,,,de,11
Zeit,Zeit,MISC,,,de,11
Berliner,Berliner,MISC,,,de,10
britische,britische,MISC,,,de,10
russisches,russisches,MISC,,,de,10
Tages,Tages,MISC,,,de,9
Weltklimakonferenz,Weltklimakonferenz,MISC,,,de,9
Ukraine-Krieg,Ukraine-Krieg,MISC,,,de-DE,9
Hamburger,Hamburger,MISC,,,de-DE,8
ePaper,ePaper,MISC,,,de,8
Internet,Internet,MISC,,,de,8
Werbeerlösen,Werbeerlösen,MISC,,,de,8
Gaspreisbremse.,Gaspreisbremse.,MISC,,,de,8
französischen,französischen,MISC,,,de,8
COP27,COP27,MISC,,,de,7
russischem,russischem,MISC,,,de,7
Euro,Euro,MISC,,,de,7
Gaspreisbremse,Gaspreisbremse,MISC,-0.006000000000000001,0.0,de,7
Ukrainer,Ukrainer,MISC,,,de,7
Jahr rasan…,Jahr rasan…,MISC,,,de,6
Anti-Inflationspaket,Anti-Inflationspaket,MISC,,,de,6
nächsten Jahr,nächsten Jahr,MISC,,,de,6
sozialen,sozialen,MISC,,,de,6
Gasfüllstand.,Gasfüllstand.,MISC,,,de,6
LNG-Terminals,LNG-Terminals,MISC,1.5499999999999998,0.0,de,6
russischen Angriffskrieges,russischen Angriffskrieges,MISC,,,de,5
deutsches,deutsches,MISC,,,de,5
Angriffskriegs,Angriffskriegs,MISC,,,de,5
"Homeoffice boomte,","Homeoffice boomte,",MISC,,,de,5
Karlsruhe,Karlsruhe,MISC,,,de,5
Virus,Virus,MISC,,,de,5
Energiekrise,Energiekrise,MISC,2.8,0.0,de,5
Winter?,Winter?,MISC,1.0,0.0,de,5
Wirtschaftsministerium,Wirtschaftsministerium,MISC,,,de,4
Ifo-Index,Ifo-Index,MISC,,,de,4
Milliarden-Investitionen,Milliarden-Investitionen,MISC,,,de,4
französische,französische,MISC,,,de,4
Bundeskabinett,Bundeskabinett,MISC,,,de,4
BASF-Aktie,BASF-Aktie,MISC,,,de,4
europäischen Gasspeicherverbandes,europäischen Gasspeicherverbandes,MISC,,,de,4
amerikanische,amerikanische,MISC,,,de,4
Schweizer,Schweizer,MISC,,,de,4
Rezessionsrisiken,Rezessionsrisiken,MISC,,,de,4
KOMMENTAR,KOMMENTAR,MISC,,,de,4
Corona-Pandemie,Corona-Pandemie,MISC,,,de,4
Krieg,Krieg,MISC,,,de,4
The Weather Channel,The Weather Channel,MISC,,,de,4
österreichische,österreichische,MISC,,,de,4
Ukrainekrieg,Ukrainekrieg,MISC,-0.85,0.0,de,4
Krieges,Krieges,MISC,,,de,4
Münchner,Münchner,MISC,,,de,4
BILD,BILD,MISC,0.7,0.0,de,4
Ukraine-Krieges,Ukraine-Krieges,MISC,,,de,4
RT DE.,RT DE.,MISC,,,de,4
bayerischen,bayerischen,MISC,,,de,4
Kriegs,Kriegs,MISC,,,de,4
DEL-Winter,DEL-Winter,MISC,,,de,3
Truma Combi D,Truma Combi D,MISC,,,de,3
INTERVIEW,INTERVIEW,MISC,,,de,3
AKW.,AKW.,MISC,,,de,3
ukrainischen,ukrainischen,MISC,,,de,3
Inflation in Deutschland,Inflation in Deutschland,MISC,,,de,3
Aldi Nord,Aldi Nord,MISC,,,de,3
italienischen,italienischen,MISC,,,de,3
Gute Nachrichten,Gute Nachrichten,MISC,,,de,3
kommende Jahr,kommende Jahr,MISC,,,de,3
Gestern,Gestern,MISC,,,de,3
Gas-Anbieter,Gas-Anbieter,MISC,,,de,3
F…,F…,MISC,,,de,3
Photovoltaik,Photovoltaik,MISC,0.0,0.0,de,3
CO2-Preis,CO2-Preis,MISC,,,de,3
FOCUS onli…,FOCUS onli…,MISC,,,de,3
Ampel-Regierung,Ampel-Regierung,MISC,,,de,3
ägyptischen,ägyptischen,MISC,,,de,3
HolzpelletsHolzpellets,HolzpelletsHolzpellets,MISC,,,de,3
bayerische,bayerische,MISC,,,de,3
russischen Angriffs,russischen Angriffs,MISC,,,de,3
LNG-Liefervertrag,LNG-Liefervertrag,MISC,,,de,3
russische Angriffskrieg,russische Angriffskrieg,MISC,,,de,3
hessischen,hessischen,MISC,,,de,3
Dezemberhilfe,Dezemberhilfe,MISC,0.7,0.0,de,3
WELT.,WELT.,MISC,,,de,3
spanischen,spanischen,MISC,,,de,3
Arbeitsmarkt-Studie,Arbeitsmarkt-Studie,MISC,,,de,3
De'Longhi,De'Longhi,MISC,,,de,3
Energiekrisen-Winter 2022/2023,Energiekrisen-Winter 2022/2023,MISC,,,de,3
Kilowattstunden,Kilowattstunden,MISC,,,de,3
Homeoffice,Homeoffice,MISC,,,de,3
Photovoltaik.,Photovoltaik.,MISC,,,de,3
Nachkriegsjahren,Nachkriegsjahren,MISC,,,de,3
"Bedarfs, der Rest","Bedarfs, der Rest",MISC,,,de,3
Fukushima-Unglück,Fukushima-Unglück,MISC,,,de,3
chinesischer,chinesischer,MISC,,,de,3
Wetter: Winter,Wetter: Winter,MISC,,,de,3
Esa.,Esa.,MISC,,,de,3
baden-württembergische,baden-württembergische,MISC,,,de,3
Energiekrise: Streit um EU-Gaspreisdeckel,Energiekrise: Streit um EU-Gaspreisdeckel,MISC,,,de,3
PLUS-Inhalten,PLUS-Inhalten,MISC,,,de,3
Krieg in der Ukraine:,Krieg in der Ukraine:,MISC,,,de,3
Bundesnetzagentur.,Bundesnetzagentur.,MISC,,,de,3
Sparsam,Sparsam,MISC,,,de,3
Twitter,Twitter,MISC,,,de,3
Jahressteuergesetz,Jahressteuergesetz,MISC,,,de,3
Strompreis.,Strompreis.,MISC,,,de,3
Der Winter,Der Winter,MISC,,,de,3
Strompreis,Strompreis,MISC,,,de,3
EcoFlow Smart Generator,EcoFlow Smart Generator,MISC,,,de,3
Klima-,Klima-,MISC,,,,3
Agrarbudget,Agrarbudget,MISC,,,de,2
Home-Office.,Home-Office.,MISC,,,de,2
Teelichtöfen und Co,Teelichtöfen und Co,MISC,,,de,2
VMware,VMware,MISC,,,de,2
FTTH-Haushalte,FTTH-Haushalte,MISC,,,de,2
Ukraine.,Ukraine.,MISC,,,de,2
"Teure Gasrechnungen, Angst vor Strom- und","Teure Gasrechnungen, Angst vor Strom- und",MISC,,,de,2
Schlag.,Schlag.,MISC,,,de,2
niedersächsischen,niedersächsischen,MISC,,,de,2
Nasa,Nasa,MISC,,,de,2
Winters,Winters,MISC,,,de,2
"NACHRICHTEN
","NACHRICHTEN
",MISC,,,de,2
Zweierbob-Weltcup,Zweierbob-Weltcup,MISC,,,de,2
"Print-Magazin
werbefrei &amp;","Print-Magazin
werbefrei &amp;",MISC,,,de,2
"Krieg, Rezession,","Krieg, Rezession,",MISC,,,de,2
Eishockey-Duell:,Eishockey-Duell:,MISC,,,de,2
Hessen-Champions,Hessen-Champions,MISC,,,de,2
Blog-Umfrage,Blog-Umfrage,MISC,,,de,2
SPIEGEL-Informationen,SPIEGEL-Informationen,MISC,,,de,2
britischen,britischen,MISC,,,de,2
Das riesige Land,Das riesige Land,MISC,,,de,2
"Schulmüsli, der Mann","Schulmüsli, der Mann",MISC,,,de,2
E-Auto laden?,E-Auto laden?,MISC,,,de,2
LTE/4G,LTE/4G,MISC,,,de,2
Aufstand im Iran,Aufstand im Iran,MISC,,,de,2
Millionen Heizölkunden,Millionen Heizölkunden,MISC,,,de,2
Winter:,Winter:,MISC,,,de,2
sächsische,sächsische,MISC,,,de,2
Londoner,Londoner,MISC,,,de,2
Europa.,Europa.,MISC,,,de,2
Online-Lehre,Online-Lehre,MISC,,,de,2
Erdgas,Erdgas,MISC,,,de,2
Auftrag der Bundesregierung,Auftrag der Bundesregierung,MISC,,,de,2
FDP-Spitze,FDP-Spitze,MISC,,,de,2
Diesen Winter,Diesen Winter,MISC,,,de,2
Winters.,Winters.,MISC,,,de,2
Kriegsbeginn,Kriegsbeginn,MISC,,,de,2
Jedes Jahr,Jedes Jahr,MISC,,,de,2
Wärmestuben,Wärmestuben,MISC,,,de,2
Sozialen,Sozialen,MISC,,,de,2
Hasserfüllte Nachrichten,Hasserfüllte Nachrichten,MISC,,,de,2
Stromabschaltungen.,Stromabschaltungen.,MISC,,,de,2
Heizen.,Heizen.,MISC,,,de,2
Weihnachtsfest,Weihnachtsfest,MISC,,,de,2
italienische,italienische,MISC,,,de,2
Orkan Franziska,Orkan Franziska,MISC,,,de,2
mittelfränkischen,mittelfränkischen,MISC,,,de,2
Sonntagvormittag,Sonntagvormittag,MISC,,,de,2
ifo-Instituts,ifo-Instituts,MISC,,,de,2
Nike,Nike,MISC,,,de,2
"Inhaltsverzeichnis
Die Energiekrise","Inhaltsverzeichnis
Die Energiekrise",MISC,,,de,2
Krisen?,Krisen?,MISC,,,de,2
XXL-Zinsschritt,XXL-Zinsschritt,MISC,,,de,2
Homeoffice.,Homeoffice.,MISC,,,de,2
Pizza,Pizza,MISC,,,de,2
GDDR7,GDDR7,MISC,,,de,2
GaskostenEine,GaskostenEine,MISC,,,de,2
Auftrag der D…,Auftrag der D…,MISC,,,de,2
Linke-Fraktion,Linke-Fraktion,MISC,,,de,2
Europäischer,Europäischer,MISC,,,de,2
im Jahr,im Jahr,MISC,,,de,2
Schwimmende Photovoltaik,Schwimmende Photovoltaik,MISC,,,de,2
Spotify,Spotify,MISC,0.0,0.0,de,2
Ifo-GeschÃ¤ftsklimaindex,Ifo-GeschÃ¤ftsklimaindex,MISC,,,de,2
Revolution auf der Straße,Revolution auf der Straße,MISC,,,de,2
Grundsicherung.,Grundsicherung.,MISC,,,de,2
De…,De…,MISC,,,de,2
russischen Angriffskrieg,russischen Angriffskrieg,MISC,,,de,2
Höchste Zeit,Höchste Zeit,MISC,,,de,2
"WEB.DE News
</li><li>","WEB.DE News
</li><li>",MISC,,,de,2
Dezember-Rechnung,Dezember-Rechnung,MISC,,,de,2
ServerwärmeDie,ServerwärmeDie,MISC,,,de,2
MünchenDer,MünchenDer,MISC,,,de,2
Covid-Welle,Covid-Welle,MISC,,,de,2
Videos,Videos,MISC,,,de,2
Neue Daten,Neue Daten,MISC,,,de,2
Instinct Crossover Solar Tactical.,Instinct Crossover Solar Tactical.,MISC,,,de,2
Instinct Crossover Solar,Instinct Crossover Solar,MISC,,,de,2
Instinct,Instinct,MISC,,,de,2
Garmin,Garmin,MISC,,,de,2
Jahr bei der Klimaabgabe,Jahr bei der Klimaabgabe,MISC,,,de,2
Amazon,Amazon,MISC,,,de,2
besetzten Ak­ti­vis­t*in­nen,besetzten Ak­ti­vis­t*in­nen,MISC,,,de,2
Energiewende.,Energiewende.,MISC,-0.07500000000000001,0.0,de,2
Hause schön im Warmen,Hause schön im Warmen,MISC,,,de,2
Di…,Di…,MISC,,,de,2
GTT,GTT,MISC,-0.7,0.0,de,2
chinesische,chinesische,MISC,,,de,2
Strombranche.,Strombranche.,MISC,,,de,2
H2,H2,MISC,,,de,2
24-Stunden-Streik,24-Stunden-Streik,MISC,,,,2
Strommarktes,Strommarktes,MISC,,,de,2
Demn…,Demn…,MISC,,,de,2
Einsparziel,Einsparziel,MISC,,,de,2
Gesamtspeicherstand,Gesamtspeicherstand,MISC,,,de,2
LNG-Schiffe,LNG-Schiffe,MISC,,,de,2
Rezessionsgefahren,Rezessionsgefahren,MISC,,,de,2
EZB-Vize,EZB-Vize,MISC,,,de,2
Bluetti AC200,Bluetti AC200,MISC,,,de,2
Energiekrise: Bundesregierung,Energiekrise: Bundesregierung,MISC,,,de,2
Europäische,Europäische,MISC,,,de,2
mau,mau,MISC,,,de,2
Esa-Raumfahrt,Esa-Raumfahrt,MISC,,,de,2
Russland-Ukraine-Krieg: Das,Russland-Ukraine-Krieg: Das,MISC,,,de,2
News,News,MISC,,,de,2
Rückversicherungsraten,Rückversicherungsraten,MISC,,,de,2
japanischen,japanischen,MISC,,,de,2
Blackout-Warnungen,Blackout-Warnungen,MISC,,,de,2
Wintershall-Dea-Chef,Wintershall-Dea-Chef,MISC,,,de,2
Herbst-Umfrage 2022,Herbst-Umfrage 2022,MISC,,,de,2
Abstandsregeln.,Abstandsregeln.,MISC,,,de,2
Die Stimmung in den Chefetagen deutscher Firmen,Die Stimmung in den Chefetagen deutscher Firmen,MISC,,,de,2
Zürcher,Zürcher,MISC,,,de,2
Gegenwind,Gegenwind,MISC,,,de,2
Energiekrise: Wie,Energiekrise: Wie,MISC,,,de,2
Baustelle.,Baustelle.,MISC,,,de,2
CO₂-Abgabe,CO₂-Abgabe,MISC,,,de,2
Energiekrise:,Energiekrise:,MISC,0.0,0.0,de,2
Russlands Krieg,Russlands Krieg,MISC,,,de,2
Deutscher,Deutscher,MISC,,,de,2
Weltklimakonferenz in,Weltklimakonferenz in,MISC,,,de,2
GasherdDie,GasherdDie,MISC,,,de,2
Bitcoin-Kurs,Bitcoin-Kurs,MISC,,,de,2
Klimakonferenz COP27,Klimakonferenz COP27,MISC,,,de,2
Zeit für alle Deutschen.,Zeit für alle Deutschen.,MISC,,,de,2
S…,S…,MISC,,,de,2
Smarte Heizkörperthermostat…,Smarte Heizkörperthermostat…,MISC,,,de,2
Die Kosten fürs Heizen,Die Kosten fürs Heizen,MISC,,,de,2
Weihnachtsmarktsaison.,Weihnachtsmarktsaison.,MISC,,,de,2
WärmepumpeDie,WärmepumpeDie,MISC,,,de,2
Ausbauauflagen,Ausbauauflagen,MISC,,,de,2
Bitcoin,Bitcoin,MISC,,,de,2
Kohle-Ausstieg,Kohle-Ausstieg,MISC,,,de,2
Gasspeicherung.,Gasspeicherung.,MISC,,,de,2
ein Jahr,ein Jahr,MISC,,,de,2
Photovoltaik-Ausbau,Photovoltaik-Ausbau,MISC,,,de,2
Dampfer-Flotte,Dampfer-Flotte,MISC,,,de,2
Linke-Politiker,Linke-Politiker,MISC,,,de,2
Netztests,Netztests,MISC,,,de,2
CO₂-Ausstoß,CO₂-Ausstoß,MISC,,,de,2
Landtagswahl.,Landtagswahl.,MISC,,,de,2
Bayerische,Bayerische,MISC,,,de,2
Zufallsgewinnsteuer: Ampel-Koalition,Zufallsgewinnsteuer: Ampel-Koalition,MISC,,,de,2
Android App,Android App,MISC,,,de,2
Eisenbahner.,Eisenbahner.,MISC,,,,2
Regen Radar,Regen Radar,MISC,,,de,2
"Krieg, Corona","Krieg, Corona",MISC,,,de,2
sozialer,sozialer,MISC,,,de,2
Einzelhandelsbranche.,Einzelhandelsbranche.,MISC,,,de,2
Infektionsschutzgesetz.,Infektionsschutzgesetz.,MISC,,,de,2
Private-Equity-,Private-Equity-,MISC,,,de,2
Ara,Ara,MISC,,,de,2
Pachtflächen,Pachtflächen,MISC,,,de,2
Milliarden-Nachtrag,Milliarden-Nachtrag,MISC,,,de,2
"Morgenüberblick When browsing with ads:
We collect personal data and also transmit it to third-party providers
 that help us improve and finance our digital content.","Morgenüberblick When browsing with ads:
We collect personal data and also transmit it to third-party providers
 that help us improve and finance our digital content.",MISC,,,de,2
Bluetti AC200 Max,Bluetti AC200 Max,MISC,,,de,2
IFO-Institut,IFO-Institut,MISC,,,de,2
Energie-Soli,Energie-Soli,MISC,,,de,2
Allensbach-Studie,Allensbach-Studie,MISC,,,de,2
Angriff auf die Ukraine,Angriff auf die Ukraine,MISC,,,de,2
Weihnachten: Heizen,Weihnachten: Heizen,MISC,,,de,2
Rettung,Rettung,MISC,,,de,2
Wetter App,Wetter App,MISC,,,de,2
Deutschland Abschied,Deutschland Abschied,MISC,,,de,2
Der Krieg Russlands,Der Krieg Russlands,MISC,,,de,2
Bloß,Bloß,MISC,,,de,2
Anschläge,Anschläge,MISC,,,de,2
SPD-Landtagsabgeordnete,SPD-Landtagsabgeordnete,MISC,,,de,2
Gasspeicher-Füllstand,Gasspeicher-Füllstand,MISC,0.35,0.0,de,2
Auftrag des Bundes,Auftrag des Bundes,MISC,,,de,2
Französischer,Französischer,MISC,,,de,2
Stromnetz.,Stromnetz.,MISC,,,de,2
hannoversche,hannoversche,MISC,,,de,2
folgende Jahr,folgende Jahr,MISC,,,de,2
Die Stimme Berlins.,Die Stimme Berlins.,MISC,,,de,2
niederländisches,niederländisches,MISC,,,de,2
Landtagswahl in Niedersachsen,Landtagswahl in Niedersachsen,MISC,,,de,2
Regularien,Regularien,MISC,,,de,2
Niedersachsen-Wahl,Niedersachsen-Wahl,MISC,,,de,2
Livestream.,Livestream.,MISC,,,de,2
n-tv,n-tv,MISC,,,de,2
CO2-Emissionen,CO2-Emissionen,MISC,,,de,2
\u00fcberall.,\u00fcberall.,MISC,,,de,2
Atomkraft.,Atomkraft.,MISC,,,de,2
Europas Gasinfrastruktur-Betreibern,Europas Gasinfrastruktur-Betreibern,MISC,,,de,2
Dienstagabend he…,Dienstagabend he…,MISC,,,de,2
britischer,britischer,MISC,,,de,2
Ökostrom-Projekte,Ökostrom-Projekte,MISC,,,de,2
Anschlag auf die Bahn?,Anschlag auf die Bahn?,MISC,,,de,2
Drastischer Appell,Drastischer Appell,MISC,,,de,2
Russische,Russische,MISC,,,de,2
Russen verfolg…,Russen verfolg…,MISC,,,de,2
EuropeDecoded,EuropeDecoded,MISC,,,de,2
niedersächsische,niedersächsische,MISC,,,de,2
CO2-Ausstoß,CO2-Ausstoß,MISC,,,de,2
Nord-Stream-Leitungen,Nord-Stream-Leitungen,MISC,,,de,2
Sitzheizungen,Sitzheizungen,MISC,,,de,2
Demonstrationen: Tausende,Demonstrationen: Tausende,MISC,,,de,2
J…,J…,MISC,,,de,2
Flüssigerdgas.,Flüssigerdgas.,MISC,,,de,2
Bürokratiehürden,Bürokratiehürden,MISC,,,de,2
CO2-Preises,CO2-Preises,MISC,,,de,2
diesem Jahr,diesem Jahr,MISC,,,de,2
Berliner Senat,Berliner Senat,MISC,,,de,2
brandenburgischen,brandenburgischen,MISC,,,de,2
Pandemie.,Pandemie.,MISC,,,de,2
"Ukraine-Krieg  BILD
</li><li>Maschinenbaugipfel: Doppelpass  FAZ","Ukraine-Krieg  BILD
</li><li>Maschinenbaugipfel: Doppelpass  FAZ",MISC,,,de,2
Heizsaison.,Heizsaison.,MISC,,,de,2
russischen Krieges,russischen Krieges,MISC,,,de,2
Ukraine-Krieg: Energiekrise,Ukraine-Krieg: Energiekrise,MISC,,,de,2
Gas-Kartelle.,Gas-Kartelle.,MISC,,,de,2
belgische,belgische,MISC,,,de,2
Kalter Winter“:,Kalter Winter“:,MISC,,,de,2
Offshore-Windkraft,Offshore-Windkraft,MISC,,,de,2
Dieselpreis,Dieselpreis,MISC,,,de,1
Ökostrom-Projekten.,Ökostrom-Projekten.,MISC,,,de,1
Treibhausgas-Ausst…,Treibhausgas-Ausst…,MISC,,,de,1
EU-Handelsstatistiken,EU-Handelsstatistiken,MISC,,,de,1
"Energie.gv.at, auf der die Daten","Energie.gv.at, auf der die Daten",MISC,,,de,1
Mehr im Live-Ticker.,Mehr im Live-Ticker.,MISC,,,de,1
Fossilen,Fossilen,MISC,,,de,1
Grün…,Grün…,MISC,,,de,1
"Weil über die Gaskrise, Fracking","Weil über die Gaskrise, Fracking",MISC,,,de,1
"Krieg, Coronafolgen","Krieg, Coronafolgen",MISC,,,de,1
ChinaExperten,ChinaExperten,MISC,,,de,1
Chinas Treibhausgas-Ausstoß,Chinas Treibhausgas-Ausstoß,MISC,,,de,1
Würfel-Fassaden,Würfel-Fassaden,MISC,,,de,1
Neue Szenarien,Neue Szenarien,MISC,,,de,1
Photovoltaik-Importe,Photovoltaik-Importe,MISC,,,de,1
Analyse: Der Winter,Analyse: Der Winter,MISC,,,de,1
"Inhaltsverzeichnis
","Inhaltsverzeichnis
",MISC,,,de,1
Netzagentur-Sprech…,Netzagentur-Sprech…,MISC,,,de,1
Offshore-Windkraft.,Offshore-Windkraft.,MISC,,,de,1
Stromausfällen ko…,Stromausfällen ko…,MISC,,,de,1
BBK)  Ralph Tiesler,BBK)  Ralph Tiesler,MISC,,,de,1
Black-Friday-Deals.,Black-Friday-Deals.,MISC,,,de,1
Blackouts?,Blackouts?,MISC,,,de,1
Energiewende: Die Erneuerbaren,Energiewende: Die Erneuerbaren,MISC,,,de,1
Riesen-Windrad,Riesen-Windrad,MISC,,,de,1
nordrhein-westfälischen,nordrhein-westfälischen,MISC,,,de,1
Ebe…,Ebe…,MISC,,,de,1
Sieben Jahre dauere,Sieben Jahre dauere,MISC,,,de,1
Junge Niederländer,Junge Niederländer,MISC,,,de-DE,1
WM,WM,MISC,,,de,1
Manches,Manches,MISC,,,de,1
Terminal-Kosten,Terminal-Kosten,MISC,,,de,1
Wärme mit Risiken,Wärme mit Risiken,MISC,,,de,1
… lp,… lp,MISC,,,de,1
PG),PG),MISC,,,de,1
Pnek vellele,Pnek vellele,MISC,,,de,1
Vormonat.,Vormonat.,MISC,,,de,1
Winter: Terminals,Winter: Terminals,MISC,,,de,1
"Solarpark
Auf Alpjerung","Solarpark
Auf Alpjerung",MISC,,,de,1
Trot…,Trot…,MISC,,,de,1
Gasimporte.,Gasimporte.,MISC,,,de,1
Kältesaison hältBerlin,Kältesaison hältBerlin,MISC,,,de,1
Wirtschaftsinstitute,Wirtschaftsinstitute,MISC,,,de,1
Fitch.,Fitch.,MISC,,,de,1
fÃ¼hrenden,fÃ¼hrenden,MISC,,,de,1
BQ.1.1,BQ.1.1,MISC,,,de,1
Butter.,Butter.,MISC,,,de,1
Ukraine-Kriegs:,Ukraine-Kriegs:,MISC,,,de,1
Endlich bessere Corona-Daten?,Endlich bessere Corona-Daten?,MISC,,,de,1
Erbärmliche Zwischenbilanz für,Erbärmliche Zwischenbilanz für,MISC,,,de,1
uuu,uuu,MISC,,,de,1
UleptluaplkeOeu.,UleptluaplkeOeu.,MISC,,,de,1
Moove +++ Investitionen,Moove +++ Investitionen,MISC,,,de,1
SpaceTech boomen +++ Tesla,SpaceTech boomen +++ Tesla,MISC,,,de,1
Armut in,Armut in,MISC,,,de,1
"Vormonat,…","Vormonat,…",MISC,,,de,1
Konjunktur: Ifo-Index,Konjunktur: Ifo-Index,MISC,,,de,1
Infektionsschutzgesetzes,Infektionsschutzgesetzes,MISC,,,de,1
Corona-Situation,Corona-Situation,MISC,,,de,1
Wintersport?,Wintersport?,MISC,,,de,1
Die Liebe zu Dating-Apps,Die Liebe zu Dating-Apps,MISC,,,de,1
data.ai.,data.ai.,MISC,,,de,1
Kein Gratis-Heizen!,Kein Gratis-Heizen!,MISC,,,de,1
Deutschland 2022,Deutschland 2022,MISC,,,de,1
LNG-Terminals.,LNG-Terminals.,MISC,,,de,1
Kl…,Kl…,MISC,,,de,1
Krisen-Situation,Krisen-Situation,MISC,,,de,1
EU-Gaspreisdeckel.,EU-Gaspreisdeckel.,MISC,,,de,1
nÃ¤chste Jahr,nÃ¤chste Jahr,MISC,,,de,1
Versand-Konzern,Versand-Konzern,MISC,,,de,1
Holzernte-Maschine,Holzernte-Maschine,MISC,,,de,1
Nachhaltiges Leben,Nachhaltiges Leben,MISC,,,de,1
Podcast.,Podcast.,MISC,,,de,1
Der Wind bläst,Der Wind bläst,MISC,,,de,1
Inflation.,Inflation.,MISC,,,de,1
Grünen-Ministerin,Grünen-Ministerin,MISC,,,de,1
Pnt pel,Pnt pel,MISC,,,de,1
lO Pepvepleu,lO Pepvepleu,MISC,,,de,1
Wettervorhersage: Winter,Wettervorhersage: Winter,MISC,,,de,1
Bonanza,Bonanza,MISC,,,de,1
Elektroauto-Motoren,Elektroauto-Motoren,MISC,,,de,1
"Elektroauto, GreenIT)","Elektroauto, GreenIT)",MISC,,,de,1
Die Nachfrage nach Wärmepumpen boomt.,Die Nachfrage nach Wärmepumpen boomt.,MISC,,,de,1
Bluetti AC200 Max: Die beste Powerstation,Bluetti AC200 Max: Die beste Powerstation,MISC,,,de,1
Kartoffel-Käse-Püree,Kartoffel-Käse-Püree,MISC,,,de,1
Thanksgiving-Fest.,Thanksgiving-Fest.,MISC,,,de,1
Evolutionär,Evolutionär,MISC,,,de,1
Einspeichermöglichkeiten.,Einspeichermöglichkeiten.,MISC,,,de,1
grÃ¼n-schwarze,grÃ¼n-schwarze,MISC,,,de,1
Baden-WÃ¼rttemberg,Baden-WÃ¼rttemberg,MISC,,,de,1
Gaspreisbremse: Die plumpe Scholz-Ansage,Gaspreisbremse: Die plumpe Scholz-Ansage,MISC,,,de,1
Winterwelle,Winterwelle,MISC,,,de,1
V…,V…,MISC,,,de,1
plangemÃ¤ss,plangemÃ¤ss,MISC,,,de,1
Hohe Inflation: Verbraucher in Not,Hohe Inflation: Verbraucher in Not,MISC,,,de,1
Banglad…,Banglad…,MISC,,,de,1
Märkte-Insight: Der Truthahn,Märkte-Insight: Der Truthahn,MISC,,,de,1
Börsen-Weihnachtsmann.,Börsen-Weihnachtsmann.,MISC,,,de,1
Regional,Regional,MISC,,,de,1
Na…,Na…,MISC,0.7,0.0,de,1
Black Friday Week,Black Friday Week,MISC,,,de,1
nächsten Winter,nächsten Winter,MISC,,,de,1
Amtsantritts,Amtsantritts,MISC,,,de,1
Vorjahresverbrauch,Vorjahresverbrauch,MISC,,,de,1
UN-Klimakonferenz COP27,UN-Klimakonferenz COP27,MISC,,,de,1
Die plötzlich s…,Die plötzlich s…,MISC,,,de,1
LSB,LSB,MISC,,,de,1
Russland:,Russland:,MISC,,,de,1
Mariupol.,Mariupol.,MISC,,,de,1
deutsch-spanischen,deutsch-spanischen,MISC,,,de,1
Indon…,Indon…,MISC,,,de,1
Schuldneratlas: Weniger Überschuldung,Schuldneratlas: Weniger Überschuldung,MISC,,,de,1
Rekordtief.,Rekordtief.,MISC,,,de,1
Die oppositionelle Linksfraktion,Die oppositionelle Linksfraktion,MISC,,,de,1
Balkonkraftwerke: Bis,Balkonkraftwerke: Bis,MISC,,,de,1
Bep ettelpluap htlual pelnklaeu…,Bep ettelpluap htlual pelnklaeu…,MISC,,,de,1
"Black-Friday-Deals
","Black-Friday-Deals
",MISC,,,de,1
Berlin,Berlin,MISC,0.0,0.0,de,1
rumänische,rumänische,MISC,,,de,1
Die Gasspeicher in,Die Gasspeicher in,MISC,,,de,1
Gasverbrauch la…,Gasverbrauch la…,MISC,,,de,1
LN…,LN…,MISC,,,de,1
Photovoltaik in Icking,Photovoltaik in Icking,MISC,,,de,1
News des,News des,MISC,,,de,1
Bali,Bali,MISC,0.0,0.0,de,1
Wagner«-Söldner,Wagner«-Söldner,MISC,,,de,1
fünf Jahre zurück,fünf Jahre zurück,MISC,,,de,1
CDU-/CSU-Anfrage,CDU-/CSU-Anfrage,MISC,,,de,1
Klima-Krise: Wie,Klima-Krise: Wie,MISC,,,de,1
Fußball-WM,Fußball-WM,MISC,,,de,1
Vormonat,Vormonat,MISC,,,de,1
Hohe Energiepreise:,Hohe Energiepreise:,MISC,,,de,1
japanische,japanische,MISC,,,de,1
Nachri…,Nachri…,MISC,,,de,1
Infektionsschutzgesetzt,Infektionsschutzgesetzt,MISC,,,de,1
Klimaschutz-Maßnahmen,Klimaschutz-Maßnahmen,MISC,,,de,1
CO2-Bilanz,CO2-Bilanz,MISC,,,de,1
Erneuerbaren.,Erneuerbaren.,MISC,1.0,0.0,de,1
Garmin Instinct Crossover: Drei hybride Smartwatches,Garmin Instinct Crossover: Drei hybride Smartwatches,MISC,,,de,1
Gaspreisbremse-Kommission,Gaspreisbremse-Kommission,MISC,,,de,1
Im Jahr 2021,Im Jahr 2021,MISC,,,de,1
Ukraine-Krieg: Humanitäre Hilfe: Angst,Ukraine-Krieg: Humanitäre Hilfe: Angst,MISC,,,de,1
Deutschland?,Deutschland?,MISC,0.0,0.0,de,1
Wirtschaftsminister,Wirtschaftsminister,MISC,,,de,1
Anti-China-Tournee.,Anti-China-Tournee.,MISC,,,de,1
Bli…,Bli…,MISC,,,de,1
Toilettenpapier,Toilettenpapier,MISC,,,de,1
Toilettenpapier?,Toilettenpapier?,MISC,,,de,1
Gasnetz,Gasnetz,MISC,,,de,1
profil,profil,MISC,,,de,1
Zweieinhalbmonatstief.,Zweieinhalbmonatstief.,MISC,,,de,1
Gas- und Fernwärmekunden,Gas- und Fernwärmekunden,MISC,,,de,1
e…,e…,MISC,,,de,1
Energiekrise: Kabinett,Energiekrise: Kabinett,MISC,,,de,1
Jedes Jahr aufs Neue,Jedes Jahr aufs Neue,MISC,,,de,1
Wintermonate.,Wintermonate.,MISC,,,de,1
Du bist,Du bist,MISC,,,de,1
Ministerpräsidenten-Konferenz,Ministerpräsidenten-Konferenz,MISC,,,de,1
Baupflicht.,Baupflicht.,MISC,,,de,1
Die Temperaturen,Die Temperaturen,MISC,,,de,1
Thermostat,Thermostat,MISC,,,de,1
Erster LNG-Anleger,Erster LNG-Anleger,MISC,,,de,1
Solar: Rumänien,Solar: Rumänien,MISC,,,de,1
Energiekrise: Run,Energiekrise: Run,MISC,,,de,1
Bundes…,Bundes…,MISC,,,de,1
"Print-Magazin
werbefrei &amp;","Print-Magazin
werbefrei &amp;",MISC,,,de,1
Rekordgeschwind…,Rekordgeschwind…,MISC,,,de,1
Die Angst des Mittelstands,Die Angst des Mittelstands,MISC,,,de,1
Hartz IV,Hartz IV,MISC,,,de,1
Energie-Engpässe,Energie-Engpässe,MISC,,,de,1
"Foto: Wintershall Dea) 
Kassel","Foto: Wintershall Dea) 
Kassel",MISC,,,de,1
Die Energiesparkampagne des Bundes,Die Energiesparkampagne des Bundes,MISC,,,de,1
FTTH-Zugänge,FTTH-Zugänge,MISC,,,de,1
"Telekom,","Telekom,",MISC,,,de,1
Klimakonferenz in,Klimakonferenz in,MISC,,,de,1
Naturkatastrophen in allen Erdteilen,Naturkatastrophen in allen Erdteilen,MISC,,,de,1
Wintereinbruch am Wochenende: Das,Wintereinbruch am Wochenende: Das,MISC,,,de,1
Speicherbetreiber.,Speicherbetreiber.,MISC,,,de,1
Österreichische,Österreichische,MISC,,,de,1
MünchenDie,MünchenDie,MISC,,,de,1
Frankfurter,Frankfurter,MISC,,,de,1
Verbringungsfläche des Bundes auf der Nordsee,Verbringungsfläche des Bundes auf der Nordsee,MISC,,,de,1
Deutschland gerettet!,Deutschland gerettet!,MISC,,,de,1
Krieg gegen die Ukraine:,Krieg gegen die Ukraine:,MISC,,,de,1
BILD-Lesern.,BILD-Lesern.,MISC,,,de,1
Sieben Energie-Experten,Sieben Energie-Experten,MISC,,,de,1
Lesern.,Lesern.,MISC,,,de,1
Blackout in,Blackout in,MISC,,,de,1
"WELT
</li><li>Energieversorgung:","WELT
</li><li>Energieversorgung:",MISC,,,de,1
BBK-Chef,BBK-Chef,MISC,,,de,1
Blackouts.,Blackouts.,MISC,,,de,1
TVMovie.de.,TVMovie.de.,MISC,,,de,1
Libanon.,Libanon.,MISC,,,de,1
Deuts…,Deuts…,MISC,,,de,1
Das Wort,Das Wort,MISC,,,de,1
Stromkrise,Stromkrise,MISC,,,de,1
"Streit um ""Winterschlafprämie""","Streit um ""Winterschlafprämie""",MISC,,,de,1
"Die Stimme Berlins
</li><li>","Die Stimme Berlins
</li><li>",MISC,,,de,1
Kreativ in der Energiekrise,Kreativ in der Energiekrise,MISC,,,de,1
Flüssiggas-Tankern,Flüssiggas-Tankern,MISC,,,de,1
Großflächiger Blackout,Großflächiger Blackout,MISC,,,de,1
Aufstand.,Aufstand.,MISC,,,de,1
Aufruf,Aufruf,MISC,,,de,1
Liste der fehlenden Arzneimittel,Liste der fehlenden Arzneimittel,MISC,,,de,1
Das Jahr,Das Jahr,MISC,,,de,1
"Konsumenten
","Konsumenten
",MISC,,,de,1
"ESA,","ESA,",MISC,,,de,1
Auftrag der E-Control.,Auftrag der E-Control.,MISC,,,de,1
TTF,TTF,MISC,,,de,1
Erneuerbaren-Branche.,Erneuerbaren-Branche.,MISC,,,de,1
Übergewinnen.,Übergewinnen.,MISC,,,de,1
Spot-Preise k…,Spot-Preise k…,MISC,,,de,1
Landtag: Mehr erneuerbare Energie: Neues Energiegesetz für Hessen.,Landtag: Mehr erneuerbare Energie: Neues Energiegesetz für Hessen.,MISC,,,de,1
EU-Kommission.,EU-Kommission.,MISC,,,de,1
COP-27-Klimakonferenz für bedenklich.,COP-27-Klimakonferenz für bedenklich.,MISC,,,de,1
Tempo,Tempo,MISC,0.0,1.0,de,1
LNG-Anleger,LNG-Anleger,MISC,,,de,1
Windkraft.,Windkraft.,MISC,,,de,1
Angriffskriegs Russlands,Angriffskriegs Russlands,MISC,,,de,1
Rödl & Partner-Weltmarktführerindex,Rödl & Partner-Weltmarktführerindex,MISC,,,de,1
Partner-Weltmarktführerindex,Partner-Weltmarktführerindex,MISC,,,de,1
79-Stunden-Sperrung des Elbtunnels.,79-Stunden-Sperrung des Elbtunnels.,MISC,,,de,1
Energiewende: Was,Energiewende: Was,MISC,,,de,1
Verteilungsbericht 2022: Die Armut,Verteilungsbericht 2022: Die Armut,MISC,,,de,1
Gesetz zur… [+4724 chars],Gesetz zur… [+4724 chars],MISC,,,de,1
Trocknet die Wäsche,Trocknet die Wäsche,MISC,,,de,1
"Hyperinflation in der Türkei: Kein Fleisch, kein Urlaub","Hyperinflation in der Türkei: Kein Fleisch, kein Urlaub",MISC,,,de,1
Der erste Schnee,Der erste Schnee,MISC,,,de,1
Energiekrise: Wie man Warmduscher,Energiekrise: Wie man Warmduscher,MISC,,,de,1
Unlust,Unlust,MISC,,,de,1
Endlich wieder Nase frei!,Endlich wieder Nase frei!,MISC,,,de,1
Omas 5,Omas 5,MISC,,,de,1
F.A.Z.-Interview.,F.A.Z.-Interview.,MISC,,,de,1
drei Jahre her,drei Jahre her,MISC,,,de,1
21 Jahre Inflation,21 Jahre Inflation,MISC,,,de,1
Haken.,Haken.,MISC,,,de,1
IEA: Krise,IEA: Krise,MISC,,,de,1
Gaskrise.,Gaskrise.,MISC,,,de-DE,1
TRAUMurlaub,TRAUMurlaub,MISC,,,de,1
Windkraft,Windkraft,MISC,,,de,1
norwegische,norwegische,MISC,,,de,1
EVN-Kundinnen,EVN-Kundinnen,MISC,,,de,1
BASF.,BASF.,MISC,,,de,1
Krieg gegen die Ukraine,Krieg gegen die Ukraine,MISC,,,de,1
Der Krieg gegen die Ukraine,Der Krieg gegen die Ukraine,MISC,,,de,1
"Gasknappheit, Stromsperren und","Gasknappheit, Stromsperren und",MISC,,,de,1
Corona-Eingriffe,Corona-Eingriffe,MISC,,,de,1
FenpOelplel ulet…,FenpOelplel ulet…,MISC,,,de,1
Tag unter den Gefrierpunkt,Tag unter den Gefrierpunkt,MISC,,,de,1
"Deutschlandticket  DER SPIEGEL
</li><li>49-Euro-Ticket auf der Agenda:","Deutschlandticket  DER SPIEGEL
</li><li>49-Euro-Ticket auf der Agenda:",MISC,,,de,1
Der Krieg,Der Krieg,MISC,,,de,1
"Ideenimport"": Wie erneuerbare Energien","Ideenimport"": Wie erneuerbare Energien",MISC,,,de,1
LNG.,LNG.,MISC,,,de,1
Minus-Temperaturen,Minus-Temperaturen,MISC,,,de,1
Extrem-Winter.,Extrem-Winter.,MISC,,,de,1
"Chefgespräch, was","Chefgespräch, was",MISC,,,de,1
Weil ich in Eile,Weil ich in Eile,MISC,,,de,1
Der Gasspeicherverband INES,Der Gasspeicherverband INES,MISC,,,de,1
kalten Winter,kalten Winter,MISC,,,de,1
Hause?,Hause?,MISC,,,de-DE,1
DEL.,DEL.,MISC,,,de,1
Klima-Union,Klima-Union,MISC,,,de,1
Gas-Verteilung,Gas-Verteilung,MISC,,,de,1
Spiel des Jahres,Spiel des Jahres,MISC,,,de,1
Vereins-Eishockey.,Vereins-Eishockey.,MISC,,,de,1
DEL,DEL,MISC,,,de,1
Kalicki vor Nolte.,Kalicki vor Nolte.,MISC,,,de,1
The Times“,The Times“,MISC,,,de,1
Weltcup,Weltcup,MISC,,,de,1
Tageshöchstweite.,Tageshöchstweite.,MISC,,,de,1
Vierschanzentournee,Vierschanzentournee,MISC,,,de,1
DEL Winter Game,DEL Winter Game,MISC,,,de,1
Schwimmende Schiffsanle…,Schwimmende Schiffsanle…,MISC,,,de,1
Auftrag de…,Auftrag de…,MISC,,,de,1
Bibbern vor dem Winter.,Bibbern vor dem Winter.,MISC,,,de,1
Suche nach „grünem“ Wasserstoff - In,Suche nach „grünem“ Wasserstoff - In,MISC,,,de,1
Kurswechsel?,Kurswechsel?,MISC,,,de,1
milliardenschwere US-Progra…,milliardenschwere US-Progra…,MISC,,,de,1
Ukraine:,Ukraine:,MISC,0.0,1.0,de,1
Russlands Ukrainekrieg: Kompromisslos,Russlands Ukrainekrieg: Kompromisslos,MISC,,,de,1
Der junge Mann,Der junge Mann,MISC,,,de,1
"Mehr Platz für die Tiere,","Mehr Platz für die Tiere,",MISC,,,de,1
Wall Street Journal“ verschlimmert,Wall Street Journal“ verschlimmert,MISC,,,de,1
Baerbock in Neu-Delhi:,Baerbock in Neu-Delhi:,MISC,,,de,1
Samsungs GDDR7,Samsungs GDDR7,MISC,,,de,1
PAM-3,PAM-3,MISC,,,de,1
Drohende Gasknappheit:,Drohende Gasknappheit:,MISC,,,de,1
Gasspeicherverband INES,Gasspeicherverband INES,MISC,,,de,1
Dumasprecher Wolodin,Dumasprecher Wolodin,MISC,,,de,1
Bundeswirtschaftsministerium.,Bundeswirtschaftsministerium.,MISC,,,de,1
Weihnachtszeit.,Weihnachtszeit.,MISC,,,de,1
Ve…,Ve…,MISC,,,de,1
Gas-Vorrats.,Gas-Vorrats.,MISC,,,de,1
Gasvorrats.,Gasvorrats.,MISC,,,de,1
moma,moma,MISC,,,de,1
Energiepreisexplosion,Energiepreisexplosion,MISC,,,de,1
Ble evlleO,Ble evlleO,MISC,,,de,1
IeOoelelnleu,IeOoelelnleu,MISC,,,de,1
BlplOetp,BlplOetp,MISC,,,de,1
plepeO Vlulel tlet,plepeO Vlulel tlet,MISC,,,de,1
Si…,Si…,MISC,0.0,0.0,de,1
Schlechte Isolierungen: Hohe Heizkosten,Schlechte Isolierungen: Hohe Heizkosten,MISC,,,de,1
Handelsblatt-Leserschaft,Handelsblatt-Leserschaft,MISC,,,de,1
Handelsblatt-Leserschaft?,Handelsblatt-Leserschaft?,MISC,,,de,1
Energiepreise: Wie Deutschlands Nachbarn,Energiepreise: Wie Deutschlands Nachbarn,MISC,,,de,1
Erdgas: Warum die,Erdgas: Warum die,MISC,,,de,1
Eur…,Eur…,MISC,,,de,1
Sparzielen.,Sparzielen.,MISC,,,de,1
Energiekrise: Der Winter,Energiekrise: Der Winter,MISC,,,de,1
VUB,VUB,MISC,,,de,1
OEW,OEW,MISC,,,de,1
Smart,Smart,MISC,,,de,1
"AVM, Eve, Shelly, Tado","AVM, Eve, Shelly, Tado",MISC,,,de,1
TP-Link,TP-Link,MISC,,,de,1
Dottikon ES,Dottikon ES,MISC,,,de,1
Business,Business,MISC,,,de-DE,1
"Draußen strenge Minus-Temperaturen,","Draußen strenge Minus-Temperaturen,",MISC,,,de,1
CDU-Sprecher Jung,CDU-Sprecher Jung,MISC,,,de,1
Indexmieten.,Indexmieten.,MISC,,,de,1
GasspeicherDie,GasspeicherDie,MISC,,,de,1
Pandemie: Winter,Pandemie: Winter,MISC,,,de,1
EcoFlow Smart,EcoFlow Smart,MISC,,,de,1
Osterpaket.,Osterpaket.,MISC,,,de,1
EcoFlow Smart G…,EcoFlow Smart G…,MISC,,,de,1
Steigende Preise,Steigende Preise,MISC,,,de,1
Gesamtsystems.,Gesamtsystems.,MISC,,,de,1
"Reichsbürger-Razzia: ""AfD und Reichsbürger","Reichsbürger-Razzia: ""AfD und Reichsbürger",MISC,,,de,1
Ex-AfD-Abgeordnete,Ex-AfD-Abgeordnete,MISC,,,de,1
Schwimmbäder senken Wassertemperaturen,Schwimmbäder senken Wassertemperaturen,MISC,,,de,1
LNG-Offensive,LNG-Offensive,MISC,,,de,1
Ö1,Ö1,MISC,,,de,1
Iranische,Iranische,MISC,,,de,1
Millionenhöhe.,Millionenhöhe.,MISC,,,de,1
Händler des Todes,Händler des Todes,MISC,,,de,1
Röhre...,Röhre...,MISC,,,de,1
Der Chef der Bundesnetzagentur,Der Chef der Bundesnetzagentur,MISC,,,de,1
Corona-bedingten Lockdowns,Corona-bedingten Lockdowns,MISC,,,de,1
Aktienkäufer.,Aktienkäufer.,MISC,,,de,1
Isolati…,Isolati…,MISC,,,de,1
türkischer,türkischer,MISC,,,de,1
Das nächste Jahr,Das nächste Jahr,MISC,,,de,1
Das nächste Jahr 2023,Das nächste Jahr 2023,MISC,,,de,1
Public Clouds,Public Clouds,MISC,,,de,1
Astronergy,Astronergy,MISC,,,de,1
Te…,Te…,MISC,,,de,1
Roulette,Roulette,MISC,,,de,1
ImmobilienmarktDie,ImmobilienmarktDie,MISC,,,de,1
Der …,Der …,MISC,,,de,1
Streik bei Royal,Streik bei Royal,MISC,,,de,1
MailBeschäftigte,MailBeschäftigte,MISC,,,de,1
Agri-Photovoltaik.,Agri-Photovoltaik.,MISC,,,de,1
Kinderermäßigung.,Kinderermäßigung.,MISC,,,de,1
Flex-Tarif,Flex-Tarif,MISC,,,de,1
Frühbucher-Rabatt,Frühbucher-Rabatt,MISC,,,de,1
US-amerikanische,US-amerikanische,MISC,,,de,1
Grill-Brikett,Grill-Brikett,MISC,,,de,1
E-Autos,E-Autos,MISC,,,de,1
Audi Q8 e-tron d…,Audi Q8 e-tron d…,MISC,,,de,1
Berliner Mieterverein,Berliner Mieterverein,MISC,,,de,1
Dax,Dax,MISC,,,de,1
Inflation: Armes,Inflation: Armes,MISC,,,de,1
Brennholz.,Brennholz.,MISC,,,de,1
Energieholzlobby,Energieholzlobby,MISC,,,de,1
OF THE UNION,OF THE UNION,MISC,,,de,1
Ethikrat: Junge Generation,Ethikrat: Junge Generation,MISC,,,de,1
EU-Jargon STATE,EU-Jargon STATE,MISC,,,de,1
Generation Mitte,Generation Mitte,MISC,,,de,1
Abstiegsängste:,Abstiegsängste:,MISC,,,de,1
FDP-Verkehrsminister,FDP-Verkehrsminister,MISC,,,de,1
V<em>,V<em>,MISC,,,de,1
Wochenmarkt in MadridDie,Wochenmarkt in MadridDie,MISC,,,de,1
VerbraucherpreiseDie,VerbraucherpreiseDie,MISC,,,de,1
Ein Teil der Unternehmen,Ein Teil der Unternehmen,MISC,,,de,1
1000 Jahre lang,1000 Jahre lang,MISC,,,de,1
Teure Lebensmittel…,Teure Lebensmittel…,MISC,,,de,1
europäischer,europäischer,MISC,,,de,1
Chipbranche,Chipbranche,MISC,,,de,1
evangelischen,evangelischen,MISC,,,de,1
Gaskrise: Wie,Gaskrise: Wie,MISC,,,de,1
Back-up-Kapazitäten,Back-up-Kapazitäten,MISC,,,de,1
Anti Inflation Act,Anti Inflation Act,MISC,,,de,1
GLOBE,GLOBE,MISC,,,de,1
Rackspace Techn…,Rackspace Techn…,MISC,,,de,1
Eismaschine.,Eismaschine.,MISC,,,de,1
Die Parkplätze,Die Parkplätze,MISC,,,de,1
Urlaub,Urlaub,MISC,0.0,0.0,de,1
gesamteuropäischen,gesamteuropäischen,MISC,,,de,1
Rettung des taumelnde…,Rettung des taumelnde…,MISC,,,de,1
Ukraine-Krieg:,Ukraine-Krieg:,MISC,,,de,1
"Drohende Rezession,","Drohende Rezession,",MISC,,,de,1
Heiz-Improvisation.,Heiz-Improvisation.,MISC,,,de,1
"Solar-Sichtschutz für den Balkon"".","Solar-Sichtschutz für den Balkon"".",MISC,,,de,1
Advents- und Weihnachtszeit,Advents- und Weihnachtszeit,MISC,,,de,1
Derweil sinken…,Derweil sinken…,MISC,,,de,1
Triage,Triage,MISC,,,de,1
CO₂-Emissionen: Die Millionen-Tonnen-Menschen.,CO₂-Emissionen: Die Millionen-Tonnen-Menschen.,MISC,,,de,1
Gebäudebestände.,Gebäudebestände.,MISC,,,de,1
Ein heißer Winter,Ein heißer Winter,MISC,,,de,1
ZEIT.,ZEIT.,MISC,,,de,1
Kommentar: Appell an junge Klimaschützer: Das Handwerk braucht euch!,Kommentar: Appell an junge Klimaschützer: Das Handwerk braucht euch!,MISC,,,de,1
Bundeshaushalt 23,Bundeshaushalt 23,MISC,,,de,1
Energiewende: Wie,Energiewende: Wie,MISC,,,de,1
Bundeshaushalt,Bundeshaushalt,MISC,,,de,1
Die Spieler,Die Spieler,MISC,,,de,1
Fußball-WM imme…,Fußball-WM imme…,MISC,,,de,1
Lad Tha Hea,Lad Tha Hea,MISC,,,de,1
Senegal: Scholz’ afrikanische Gas-Pläne,Senegal: Scholz’ afrikanische Gas-Pläne,MISC,,,de,1
Wärmespendern.,Wärmespendern.,MISC,,,de,1
Europas  ,Europas  ,MISC,,,de,1
Europa verliere…,Europa verliere…,MISC,,,de,1
Potenzielle Nachfolge,Potenzielle Nachfolge,MISC,,,de,1
nordkoreanischen,nordkoreanischen,MISC,,,de,1
Heizöl-,Heizöl-,MISC,,,de,1
Drohende Firmen-Insolvenzen:,Drohende Firmen-Insolvenzen:,MISC,,,de,1
Energiekrise: Mut,Energiekrise: Mut,MISC,,,de,1
Ampelregierung,Ampelregierung,MISC,,,de,1
Studie zur Energiewende:,Studie zur Energiewende:,MISC,,,de,1
norwegischen,norwegischen,MISC,,,de,1
Netzetag,Netzetag,MISC,,,de,1
Bitcoin-Newsblog.,Bitcoin-Newsblog.,MISC,,,de,1
Aktuelle News,Aktuelle News,MISC,,,de,1
BTC,BTC,MISC,,,de,1
T…,T…,MISC,,,de,1
EU-Haushaltsausschuss.,EU-Haushaltsausschuss.,MISC,,,de,1
Ital…,Ital…,MISC,,,de,1
Britische,Britische,MISC,,,de,1
acht Jahre früher,acht Jahre früher,MISC,,,de,1
Vorbildcharakter.,Vorbildcharakter.,MISC,,,de,1
diesem Jahr markant,diesem Jahr markant,MISC,,,de,1
Letzten Generation“ fürs Handwerk.,Letzten Generation“ fürs Handwerk.,MISC,,,de,1
Nebenkosten-Anstieg,Nebenkosten-Anstieg,MISC,,,de,1
Mietervereinen,Mietervereinen,MISC,,,de,1
Gas-Not,Gas-Not,MISC,,,de,1
Ergiebige Niederschläg…,Ergiebige Niederschläg…,MISC,,,de,1
pro Jahr,pro Jahr,MISC,,,de,1
"Coronakrise
","Coronakrise
",MISC,,,de,1
"Deutschland, der EU-Prügelknabe?","Deutschland, der EU-Prügelknabe?",MISC,,,de,1
Alarm.,Alarm.,MISC,,,de,1
Gasknappheit: Angst vor „Zitterpartie“ in Schulen,Gasknappheit: Angst vor „Zitterpartie“ in Schulen,MISC,,,de,1
Griechen,Griechen,MISC,,,,1
Subventionsgesetz.,Subventionsgesetz.,MISC,,,de,1
Grüne) starte…,Grüne) starte…,MISC,,,de,1
Ukrainekriegs,Ukrainekriegs,MISC,,,de,1
SPIEGEL-Wirtschaftsr…,SPIEGEL-Wirtschaftsr…,MISC,,,de,1
russischen Luftangriffe,russischen Luftangriffe,MISC,,,de,1
"A 
","A 
",MISC,,,de,1
Kämpfe in Kälte,Kämpfe in Kälte,MISC,,,de,1
Worst-Case-Szenario,Worst-Case-Szenario,MISC,,,de,1
Rheinpegel,Rheinpegel,MISC,,,de,1
Ukraine,Ukraine,MISC,0.0,0.0,de,1
Anti-Inflationsprogramm der USA,Anti-Inflationsprogramm der USA,MISC,,,de,1
lO BeeeOpel,lO BeeeOpel,MISC,,,de,1
WM in Katar:,WM in Katar:,MISC,,,de,1
Tag s…,Tag s…,MISC,,,de,1
Pr…,Pr…,MISC,,,de,1
Eurostat: Die Inflation,Eurostat: Die Inflation,MISC,,,de,1
Mini-Solaranlagen zum Einstecken:,Mini-Solaranlagen zum Einstecken:,MISC,,,de,1
Ansturm auf Balkonkraftwerke,Ansturm auf Balkonkraftwerke,MISC,,,de,1
Inflation in Deutschland:,Inflation in Deutschland:,MISC,,,de,1
niederländischen,niederländischen,MISC,,,de,1
Blackout-Angst,Blackout-Angst,MISC,,,de,1
Drohende EU-Sanktionen: Wofür Ungarn,Drohende EU-Sanktionen: Wofür Ungarn,MISC,,,de,1
Energiewende-Nation Deutschland:,Energiewende-Nation Deutschland:,MISC,,,de,1
Novembersonne,Novembersonne,MISC,,,de,1
Windflaute,Windflaute,MISC,,,de,1
SPIEGEL-Spitzengespräch,SPIEGEL-Spitzengespräch,MISC,,,de,1
Wort des Jahres,Wort des Jahres,MISC,,,de,1
"Solar, Wind, Elektroautos","Solar, Wind, Elektroautos",MISC,,,de,1
jüdisches,jüdisches,MISC,,,de,1
Onpoloueulluu,Onpoloueulluu,MISC,,,de,1
Energiekrise: Was,Energiekrise: Was,MISC,,,de,1
Angst vor dem Blackout,Angst vor dem Blackout,MISC,,,de,1
IntensivstationVorsorgen,IntensivstationVorsorgen,MISC,,,de,1
Wasserstraßenbau,Wasserstraßenbau,MISC,0.0,0.0,de,1
En…,En…,MISC,,,de,1
IAN LANGSDON/EPA-EFE/Shutterstock,IAN LANGSDON/EPA-EFE/Shutterstock,MISC,,,de,1
Black Friday,Black Friday,MISC,,,de,1
Handelsblatt Industrie-Gipfel,Handelsblatt Industrie-Gipfel,MISC,,,de,1
Vertrag zur fossilen Abrüstung.,Vertrag zur fossilen Abrüstung.,MISC,,,de,1
österreichischen,österreichischen,MISC,,,de,1
Aktion gestart…,Aktion gestart…,MISC,,,de,1
Smart Home,Smart Home,MISC,,,de,1
Lagarde,Lagarde,MISC,,,de,1
"Shell, Repsol","Shell, Repsol",MISC,,,de,1
Elektronik.,Elektronik.,MISC,,,de,1
Dritte Weltkrieg,Dritte Weltkrieg,MISC,,,de,1
Die Steuereinnahmen steigen.,Die Steuereinnahmen steigen.,MISC,,,de,1
Von Jahr zu Jahr,Von Jahr zu Jahr,MISC,,,de,1
SPIEGEL-Journalistin,SPIEGEL-Journalistin,MISC,,,de,1
Terminkontrakt TTF,Terminkontrakt TTF,MISC,,,de,1
Kampf gegen die Inflation,Kampf gegen die Inflation,MISC,,,de,1
ZDFheute,ZDFheute,MISC,,,de,1
"Nachrichten
</li><li>","Nachrichten
</li><li>",MISC,,,de,1
Nächster Zins-Hammer!,Nächster Zins-Hammer!,MISC,,,de,1
"BILD
</li><li>EZB-Zinsentschei… Europas","BILD
</li><li>EZB-Zinsentschei… Europas",MISC,,,de,1
Pandemiejahren 2020,Pandemiejahren 2020,MISC,,,de,1
Der Dünger-,Der Dünger-,MISC,,,de,1
Dezember-Hilfe.,Dezember-Hilfe.,MISC,,,de,1
Werra.,Werra.,MISC,,,de,1
Gas in Deutschland: Wie viel Erdgas,Gas in Deutschland: Wie viel Erdgas,MISC,,,de,1
süddeutscher,süddeutscher,MISC,,,de,1
Erneuerbare-Energie-Gemeinschaften: Ein potentieller Schwung für die,Erneuerbare-Energie-Gemeinschaften: Ein potentieller Schwung für die,MISC,,,de,1
EEG,EEG,MISC,,,de,1
Kernkraft-Machtwort,Kernkraft-Machtwort,MISC,,,de,1
Solar-Grossanlage,Solar-Grossanlage,MISC,,,de,1
Internationalen Klimakonferenz COP27,Internationalen Klimakonferenz COP27,MISC,,,de,1
iPhones,iPhones,MISC,,,de,1
iPhone,iPhone,MISC,,,de,1
Die Inflation,Die Inflation,MISC,,,de,1
Deutschlands.,Deutschlands.,MISC,-0.5,0.0,de,1
"Spiegel""-Gruppe","Spiegel""-Gruppe",MISC,,,de,1
Landtagswahl in Niedersachsen:,Landtagswahl in Niedersachsen:,MISC,,,de,1
Spiegel“-Gruppe,Spiegel“-Gruppe,MISC,,,de,1
Heizkompetenz Made in Germany,Heizkompetenz Made in Germany,MISC,,,de,1
Heizkompetenz Heizkompetenz Made,Heizkompetenz Heizkompetenz Made,MISC,,,de,1
deutsch-französische,deutsch-französische,MISC,,,de,1
Treffen in Paris,Treffen in Paris,MISC,,,de,1
"Audi,","Audi,",MISC,,,de,1
Chemie-Beschäftigte.,Chemie-Beschäftigte.,MISC,,,de,1
Corona-Krise,Corona-Krise,MISC,0.0,0.5,de,1
Energie-Gesetz.,Energie-Gesetz.,MISC,,,de,1
Energieeffizienz-Gesetz,Energieeffizienz-Gesetz,MISC,,,de,1
Wärmepumpen-Revolution.,Wärmepumpen-Revolution.,MISC,,,de,1
Atom-Wind-Solar-Plan,Atom-Wind-Solar-Plan,MISC,,,de,1
Bitterfeld-Wolfe…,Bitterfeld-Wolfe…,MISC,,,de,1
iranischen,iranischen,MISC,,,de,1
Tourismus: Neuer Weg zum ältesten Berghotel,Tourismus: Neuer Weg zum ältesten Berghotel,MISC,,,de,1
Wanderwegs.400,Wanderwegs.400,MISC,,,de,1
Monatsabschlags,Monatsabschlags,MISC,,,de,1
Gas- und Wärme-Kundinnen und Kunden,Gas- und Wärme-Kundinnen und Kunden,MISC,,,de,1
Ukraine-Konflikts,Ukraine-Konflikts,MISC,,,de,1
Hohe Inflationsraten:,Hohe Inflationsraten:,MISC,,,de,1
Energiekrise: Und plötzlich,Energiekrise: Und plötzlich,MISC,,,de,1
Iran-Aktion,Iran-Aktion,MISC,,,de,1
Joko & Klaas,Joko & Klaas,MISC,,,de,1
Joko &amp,Joko &amp,MISC,,,de,1
LNG-Terminal.,LNG-Terminal.,MISC,,,de,1
Wattenmeer-Besucherzentrum,Wattenmeer-Besucherzentrum,MISC,,,de,1
Stigma bremst smarte,Stigma bremst smarte,MISC,,,de,1
"Liebe Politik, Wärmedämmer","Liebe Politik, Wärmedämmer",MISC,,,de,1
Brückensanierungen,Brückensanierungen,MISC,,,de,1
CDU-General Czaja,CDU-General Czaja,MISC,,,de,1
Bundespräsident: Jetzt,Bundespräsident: Jetzt,MISC,,,de,1
Wasserstoff-Brennwertkessel.,Wasserstoff-Brennwertkessel.,MISC,,,de,1
Wunderautomat Foto: cookiecu…,Wunderautomat Foto: cookiecu…,MISC,,,de,1
Denkmäler:,Denkmäler:,MISC,,,de,1
Gas.,Gas.,MISC,,,de,1
Mittelschicht.,Mittelschicht.,MISC,,,de,1
Konsum:,Konsum:,MISC,,,de,1
Gestiegene Gaspreise: Vielen Haushalten,Gestiegene Gaspreise: Vielen Haushalten,MISC,,,de,1
Mehr Ehrgeiz beim Energiesparen?,Mehr Ehrgeiz beim Energiesparen?,MISC,,,de,1
Sparbereitschaft.,Sparbereitschaft.,MISC,,,de,1
Breitband-Internet: Absichtserklärung für schnellen Glasfaserausbau.,Breitband-Internet: Absichtserklärung für schnellen Glasfaserausbau.,MISC,,,de,1
Ines auf…,Ines auf…,MISC,,,de,1
Nichts gegen Sonnenstrom,Nichts gegen Sonnenstrom,MISC,,,de,1
Russlands Angriffskrieg,Russlands Angriffskrieg,MISC,,,de,1
Abo,Abo,MISC,,,de,1
TankstelleDie,TankstelleDie,MISC,,,de,1
Gaskrise: Warum,Gaskrise: Warum,MISC,,,de,1
steigenâ€¦,steigenâ€¦,MISC,,,de,1
LTE,LTE,MISC,,,de,1
Inflation in Eurozone,Inflation in Eurozone,MISC,,,de,1
Nichts verbrennt dreckiger,Nichts verbrennt dreckiger,MISC,,,de,1
"Deutschland
</li><li>…","Deutschland
</li><li>…",MISC,,,de,1
Bundesnetzagentur auf e…,Bundesnetzagentur auf e…,MISC,,,de,1
Wintershall Dea,Wintershall Dea,MISC,0.0,0.0,de,1
Ukraine-Krieges.,Ukraine-Krieges.,MISC,,,de,1
Energiepauschale: Verwirrung,Energiepauschale: Verwirrung,MISC,,,de,1
Katastrophen-Selbsthilfe.,Katastrophen-Selbsthilfe.,MISC,,,de,1
Stimmt ab!,Stimmt ab!,MISC,,,de,1
Rekord-Füllstände.,Rekord-Füllstände.,MISC,,,de,1
Deutschla…,Deutschla…,MISC,,,de,1
Wohnungsbrände.,Wohnungsbrände.,MISC,,,de,1
Gaskund…,Gaskund…,MISC,,,de,1
Offensivfähigkeit,Offensivfähigkeit,MISC,,,de,1
"Inflationsrekord: Butter, Fleisch und Brot","Inflationsrekord: Butter, Fleisch und Brot",MISC,,,de,1
AKW-Streit.,AKW-Streit.,MISC,,,de,1
Vormonat Sep…,Vormonat Sep…,MISC,,,de,1
Revolution.,Revolution.,MISC,,,de,1
AKW-Beschluss der Grünen,AKW-Beschluss der Grünen,MISC,,,de,1
Grünheide.,Grünheide.,MISC,0.0,0.0,de,1
Wandern im Herbst,Wandern im Herbst,MISC,,,de,1
Pragmatismus.,Pragmatismus.,MISC,,,de,1
US-Elektroautobauer Tesla,US-Elektroautobauer Tesla,MISC,,,de,1
Oll pel,Oll pel,MISC,,,de,1
EU-Plan,EU-Plan,MISC,,,de,1
Teilnehmern,Teilnehmern,MISC,,,de,1
Warum Heizölkunden,Warum Heizölkunden,MISC,,,de,1
Beyond the obvious,Beyond the obvious,MISC,,,de,1
Demonstration in,Demonstration in,MISC,,,de,1
Schlechte Alternative zu Gas,Schlechte Alternative zu Gas,MISC,,,de,1
Der Krieg in der Ukraine,Der Krieg in der Ukraine,MISC,,,de,1
Dieses Jahr,Dieses Jahr,MISC,,,de,1
"Gas-Crash
","Gas-Crash
",MISC,,,de,1
polnischen,polnischen,MISC,,,de,1
Kulturhäusern,Kulturhäusern,MISC,,,de,1
Verteilungskonflikte.,Verteilungskonflikte.,MISC,,,de,1
Russen,Russen,MISC,,,de,1
Berlin to Borders,Berlin to Borders,MISC,,,de,1
Berlin to,Berlin to,MISC,,,de,1
Krieges?,Krieges?,MISC,,,de,1
Privathaush…,Privathaush…,MISC,,,de,1
Energiekriegs,Energiekriegs,MISC,,,de,1
Corona-Jahre.,Corona-Jahre.,MISC,,,de,1
Energieversorgern.,Energieversorgern.,MISC,,,de,1
Unwilligen +++ Keine,Unwilligen +++ Keine,MISC,,,de,1
Schwelle zur Rezession“,Schwelle zur Rezession“,MISC,,,de,1
Nicht-Gaskunden.,Nicht-Gaskunden.,MISC,,,de,1
Stromausfällen.,Stromausfällen.,MISC,,,de,1
Bundesnetzagentur zufo…,Bundesnetzagentur zufo…,MISC,,,de,1
Der Winter droht dunkel,Der Winter droht dunkel,MISC,,,de,1
Umfrage: Mehrheit der sozialen,Umfrage: Mehrheit der sozialen,MISC,,,de,1
Soziale,Soziale,MISC,,,de,1
Corona-Welle,Corona-Welle,MISC,,,de,1
Iron Dome,Iron Dome,MISC,,,de,1
Ein kalter Winter,Ein kalter Winter,MISC,,,de,1
Kriegsfront,Kriegsfront,MISC,,,de,1
Mini…,Mini…,MISC,,,de,1
ol><li>200,ol><li>200,MISC,,,de,1
"Gaspreisbremse  t-online
</li><li>Kretschmann","Gaspreisbremse  t-online
</li><li>Kretschmann",MISC,,,de,1
"Gaspreisbremse  WELT
</li><li>Lars Kl…","Gaspreisbremse  WELT
</li><li>Lars Kl…",MISC,,,de,1
Bundesre…,Bundesre…,MISC,,,de,1
Berlins Niederlage,Berlins Niederlage,MISC,,,de,1
Fracking-Frage.,Fracking-Frage.,MISC,,,de,1
Sc…,Sc…,MISC,,,de,1
Toggenburger,Toggenburger,MISC,0.0,0.0,de,1
Tea Time,Tea Time,MISC,,,de,1
Modische Statements …,Modische Statements …,MISC,,,de,1
Energiekrise.,Energiekrise.,MISC,0.0,0.0,de,1
Großdemonstrationen.</li><li>50.000,Großdemonstrationen.</li><li>50.000,MISC,,,de,1
jüngsten russischen Luftangriffe,jüngsten russischen Luftangriffe,MISC,,,de,1
CDU-Außenpolitiker,CDU-Außenpolitiker,MISC,,,de,1
Gas- und Strompreiskrise:,Gas- und Strompreiskrise:,MISC,,,de,1
schwedischen,schwedischen,MISC,,,de,1
deutsch-französischen,deutsch-französischen,MISC,,,de,1
PrÃ¤sident der Bundesnetzagentur.,PrÃ¤sident der Bundesnetzagentur.,MISC,,,de,1
Deutschland gi,Deutschland gi,MISC,,,de,1
Die Sorge,Die Sorge,MISC,,,de,1
Pariser Klimaabkommens,Pariser Klimaabkommens,MISC,,,de,1
Ampel-Koalition w…,Ampel-Koalition w…,MISC,,,de,1
ThermostatBei Kleinverbrauchern,ThermostatBei Kleinverbrauchern,MISC,,,de,1
Photovoltaikpflicht,Photovoltaikpflicht,MISC,,,de,1
Risiko.<strong> </strong>,Risiko.<strong> </strong>,MISC,,,de,1
Regierungserklärung vor d…,Regierungserklärung vor d…,MISC,,,de,1
Das Treffen,Das Treffen,MISC,,,de,1
Klimaforschern.,Klimaforschern.,MISC,,,de,1
MidCat,MidCat,MISC,,,de,1
Bundestag.,Bundestag.,MISC,,,de,1
Gesetzes zur Steiger…,Gesetzes zur Steiger…,MISC,,,de,1
Midcat-Pipeline,Midcat-Pipeline,MISC,,,de,1
James-Webb-Teleskop.,James-Webb-Teleskop.,MISC,,,de,1
CO₂-Ersparnis,CO₂-Ersparnis,MISC,,,de,1
"Inhaltsverzeichnis
""Wir","Inhaltsverzeichnis
""Wir",MISC,,,de,1
EU-freundlicher,EU-freundlicher,MISC,,,de,1
Ausgerechnet,Ausgerechnet,MISC,,,de,1
LNG-Frachtschiff,LNG-Frachtschiff,MISC,,,de,1
Zehn Stunden verhandeln,Zehn Stunden verhandeln,MISC,,,de,1
Inter…,Inter…,MISC,,,de,1
Gassparen,Gassparen,MISC,,,de,1
"Stadtstaaten
","Stadtstaaten
",MISC,,,de,1
UNHCR-Winterhilfe,UNHCR-Winterhilfe,MISC,,,de,1
Fauler Kompromiss made,Fauler Kompromiss made,MISC,,,de,1
Ho…,Ho…,MISC,,,de,1
Elektrofahrzeugen.,Elektrofahrzeugen.,MISC,,,de,1
Russlands Energieverknappung,Russlands Energieverknappung,MISC,,,de,1
"Gaspreisbremse  t-online
</li><li>Energiekrise","Gaspreisbremse  t-online
</li><li>Energiekrise",MISC,,,de,1
Vor-Corona-Niveau.,Vor-Corona-Niveau.,MISC,,,de,1
ifo-Index,ifo-Index,MISC,,,de,1
Wachstumsmarkt WÃ¤rmepumpen: Wie Startups,Wachstumsmarkt WÃ¤rmepumpen: Wie Startups,MISC,,,de,1
EU-Kolumne: Wie,EU-Kolumne: Wie,MISC,,,de,1
Ein alter Vertrag,Ein alter Vertrag,MISC,,,de,1
Investitionsschutzvertrag,Investitionsschutzvertrag,MISC,,,de,1
BraunkohletagebauDie,BraunkohletagebauDie,MISC,,,de,1
Ifo-Instituts.,Ifo-Instituts.,MISC,,,de,1
VBUI,VBUI,MISC,,,de,1
Planet A» von K…,Planet A» von K…,MISC,,,de,1
Saarwirtschaft,Saarwirtschaft,MISC,,,de,1
Spanischer,Spanischer,MISC,,,de,1
Wintershall Dea: Deutschlands,Wintershall Dea: Deutschlands,MISC,,,de,1
Russland-Geschäfte,Russland-Geschäfte,MISC,,,de,1
Gas- und Ölförderer Wintershall Dea,Gas- und Ölförderer Wintershall Dea,MISC,,,de,1
Bekenntnis,Bekenntnis,MISC,,,de,1
Fracking-Verbot.,Fracking-Verbot.,MISC,,,de,1
Bündnisses.,Bündnisses.,MISC,,,de,1
Open-RAN,Open-RAN,MISC,,,de,1
Europas Mä…,Europas Mä…,MISC,,,de,1
Vermeintliche Flyer,Vermeintliche Flyer,MISC,,,de,1
Elektrizitätsmarkts.,Elektrizitätsmarkts.,MISC,,,de,1
Konsum-Giganten.,Konsum-Giganten.,MISC,,,de,1
Kremltruppen,Kremltruppen,MISC,,,de,1
Mitunter …,Mitunter …,MISC,,,de,1
Corona-Jahr,Corona-Jahr,MISC,,,de,1
CO2-Lager,CO2-Lager,MISC,,,de,1
Stâ€¦,Stâ€¦,MISC,,,de,1
Hohe Kosten,Hohe Kosten,MISC,,,de,1
Der große Zustrom von Kunden,Der große Zustrom von Kunden,MISC,,,de,1
Bü…,Bü…,MISC,,,de,1
Die Veranstalter erwarten in,Die Veranstalter erwarten in,MISC,,,de,1
bayrische,bayrische,MISC,,,de,1
Bürgerinnen und Bürger…,Bürgerinnen und Bürger…,MISC,,,de,1
Fl…,Fl…,MISC,,,de,1
arabischen,arabischen,MISC,,,de,1
schwäbische,schwäbische,MISC,,,de,1
Industriebranche.,Industriebranche.,MISC,,,de,1
"Asenkerschbaumer, im Winter","Asenkerschbaumer, im Winter",MISC,,,de,1
"Missing Link: ""Wir","Missing Link: ""Wir",MISC,,,de,1
"15 Jahre alter,","15 Jahre alter,",MISC,,,de,1
Corona-Maskenpflicht: Jetzt,Corona-Maskenpflicht: Jetzt,MISC,,,de,1
Kommentar.,Kommentar.,MISC,,,de,1
CO2-Kosten,CO2-Kosten,MISC,,,de,1
Dienstagabend auf Twitter…,Dienstagabend auf Twitter…,MISC,,,de,1
Ifo-Geschäftsklima,Ifo-Geschäftsklima,MISC,,,de,1
Katastrophen.,Katastrophen.,MISC,,,de,1
"When browsing with ads:
We collect personal data and also transmit it to","When browsing with ads:
We collect personal data and also transmit it to",MISC,,,de,1
Der Preis für europäisches Erdgas,Der Preis für europäisches Erdgas,MISC,,,de,1
FDP-Finanzminister,FDP-Finanzminister,MISC,,,de,1
Kaffeemaschine,Kaffeemaschine,MISC,,,de,1
Drohende Deindustrialisierung?,Drohende Deindustrialisierung?,MISC,,,de,1
Deckungsbeitra…,Deckungsbeitra…,MISC,,,de,1
Dienstagabend auf Twitt…,Dienstagabend auf Twitt…,MISC,,,de,1
"DER SPIEGEL
</li><li>Energi…","DER SPIEGEL
</li><li>Energi…",MISC,,,de,1
Wasserstoffes,Wasserstoffes,MISC,,,de,1
Der Discounter Aldi Nord,Der Discounter Aldi Nord,MISC,,,de,1
AKW-Proteste,AKW-Proteste,MISC,,,de,1
Klimaschutz-Sofortprogramm: Alle,Klimaschutz-Sofortprogramm: Alle,MISC,,,de,1
Uno-Klimakonferenz,Uno-Klimakonferenz,MISC,,,de,1
CO₂-Preis,CO₂-Preis,MISC,,,de,1
Auf Pächter von kommunalen Grundstücken,Auf Pächter von kommunalen Grundstücken,MISC,,,de,1
Neubra…,Neubra…,MISC,,,de,1
Bundesparteita…,Bundesparteita…,MISC,,,de,1
Freude,Freude,MISC,,,de,1
Zeit für die Klimakrise.,Zeit für die Klimakrise.,MISC,,,de,1
Tipp p…,Tipp p…,MISC,,,de,1
CDU-Politikers,CDU-Politikers,MISC,,,de,1
Un…,Un…,MISC,,,de,1
Gasmarktes,Gasmarktes,MISC,,,de,1
plepeO Vlulel,plepeO Vlulel,MISC,,,de,1
Droht uns,Droht uns,MISC,,,de,1
Jahresbeginn?,Jahresbeginn?,MISC,,,de,1
"CC BY-NC-ND 2.0
Die Energie- und Klimawochenschau Teil","CC BY-NC-ND 2.0
Die Energie- und Klimawochenschau Teil",MISC,,,de,1
Fracking-Maßnahmen,Fracking-Maßnahmen,MISC,,,de,1
Demos in,Demos in,MISC,,,de,1
Ifo-Institut,Ifo-Institut,MISC,,,de,1
Energiesparanreize,Energiesparanreize,MISC,,,de,1
Kalten Progression,Kalten Progression,MISC,,,de,1
China:,China:,MISC,,,de,1
Fotovoltaik-Ausbau,Fotovoltaik-Ausbau,MISC,,,de,1
tleQtlek,tleQtlek,MISC,,,de,1
Sachverständigenrats zur deutschen Wirtschaftspolitik,Sachverständigenrats zur deutschen Wirtschaftspolitik,MISC,,,de,1
Jahresgutachtens,Jahresgutachtens,MISC,0.0,0.0,de,1
Falscher Spargedanke:,Falscher Spargedanke:,MISC,,,de,1
Der Sachverständigenrat zur Begutachtung der gesamtwirtschaftlichen Entwicklung,Der Sachverständigenrat zur Begutachtung der gesamtwirtschaftlichen Entwicklung,MISC,,,de,1
Versammlungen: Tausende,Versammlungen: Tausende,MISC,,,de,1
Abgasnorm 7,Abgasnorm 7,MISC,,,de,1
Project Cars,Project Cars,MISC,,,de,1
Energiepolitik: EU-Komission,Energiepolitik: EU-Komission,MISC,,,de,1
Twitter.,Twitter.,MISC,,,de,1
Abzocke.,Abzocke.,MISC,,,de,1
Serien-Schauen.,Serien-Schauen.,MISC,,,de,1
Lässt,Lässt,MISC,,,de,1
Reiche.,Reiche.,MISC,,,de,1
ktleQtlek,ktleQtlek,MISC,,,de,1
Die Zeit,Die Zeit,MISC,,,de,1
Offshore-Solaranlage.,Offshore-Solaranlage.,MISC,,,de,1
Zwei Jahre nach der Präsidentschaftswahl stehen in den USA,Zwei Jahre nach der Präsidentschaftswahl stehen in den USA,MISC,,,de,1
Klim…,Klim…,MISC,,,de,1
Langlauf-Weltcup,Langlauf-Weltcup,MISC,,,de,1
Organisationskomitee,Organisationskomitee,MISC,,,de,1
IFO-Instituts: Energiekrise,IFO-Instituts: Energiekrise,MISC,,,de,1
"Die Stimme Berlins
</li><li>","Die Stimme Berlins
</li><li>",MISC,,,de,1
Leipziger,Leipziger,MISC,,,de,1
DDR-Oppositionelle,DDR-Oppositionelle,MISC,,,de,1
Neues Preissystem.,Neues Preissystem.,MISC,,,de,1
Gas-Notlage,Gas-Notlage,MISC,,,de,1
Gaspreis-Explosion.,Gaspreis-Explosion.,MISC,,,de,1
Sonnenstromes.,Sonnenstromes.,MISC,,,de,1
Bluetti AC200 Max: Power-Station,Bluetti AC200 Max: Power-Station,MISC,,,de,1
Einspeichern von Gas,Einspeichern von Gas,MISC,,,de,1
Bluetooth,Bluetooth,MISC,,,de,1
DLR,DLR,MISC,0.0,0.0,de,1
Neue Trendfrisur,Neue Trendfrisur,MISC,,,de,1
UN-Klimakonferenz,UN-Klimakonferenz,MISC,,,de,1
Der Bürgermeister,Der Bürgermeister,MISC,,,de,1
Ostdeutschland auf die Strasse.,Ostdeutschland auf die Strasse.,MISC,,,de,1
"Inhaltsverzeichnis
Die","Inhaltsverzeichnis
Die",MISC,,,de,1
BILD-Talk Die richtigen Fragen,BILD-Talk Die richtigen Fragen,MISC,,,de,1
Ampel und Union,Ampel und Union,MISC,,,de,1
CC0,CC0,MISC,,,de,1
Russland-Ukraine-Krieg,Russland-Ukraine-Krieg,MISC,,,de,1
Nacht.,Nacht.,MISC,,,de,1
Grundverbrauch,Grundverbrauch,MISC,,,de,1
iTunes-Abo,iTunes-Abo,MISC,,,de,1
Preis v…,Preis v…,MISC,,,de,1
LNG-Tankerflotte.,LNG-Tankerflotte.,MISC,,,de,1
Energie-Insidern,Energie-Insidern,MISC,,,de,1
Auf der Suche,Auf der Suche,MISC,,,de,1
Winter: Warum,Winter: Warum,MISC,,,de,1
Neu…,Neu…,MISC,,,de,1
Bomben-Schaden,Bomben-Schaden,MISC,,,de,1
Atomgesetzes,Atomgesetzes,MISC,,,de,1
diesem Jahr jeden,diesem Jahr jeden,MISC,,,de,1
Blackout-Ausrüstung,Blackout-Ausrüstung,MISC,,,de,1
Generation Z,Generation Z,MISC,,,de,1
Leitindex Dax,Leitindex Dax,MISC,,,de,1
Windkraft-Industrie,Windkraft-Industrie,MISC,,,de,1
Brüssel.,Brüssel.,MISC,0.0,0.0,de,1
Ein Tag,Ein Tag,MISC,,,de,1
Energie-Krise?,Energie-Krise?,MISC,,,de,1
Hochdrehen der Thermostat…,Hochdrehen der Thermostat…,MISC,,,de,1
Netto-Null.,Netto-Null.,MISC,,,de,1
Solar,Solar,MISC,,,de,1
Staatsp…,Staatsp…,MISC,,,de,1
Gasprom,Gasprom,MISC,,,de,1
Originals,Originals,MISC,,,de,1
"Gute Nachrichten für alle Nutzer,","Gute Nachrichten für alle Nutzer,",MISC,,,de,1
KabelsalatDie,KabelsalatDie,MISC,,,de,1
Papier-Trick.,Papier-Trick.,MISC,,,de,1
Do…,Do…,MISC,,,de,1
Der Kampf gegen den Klimawandel,Der Kampf gegen den Klimawandel,MISC,,,de,1
"netzpolitik.org
","netzpolitik.org
",MISC,,,de,1
Ampel.,Ampel.,MISC,,,de,1
Skisaison.,Skisaison.,MISC,,,de,1
Bürokratenhölle.,Bürokratenhölle.,MISC,,,de,1
Himalaya-Kloster: Man,Himalaya-Kloster: Man,MISC,,,de,1
Fo…,Fo…,MISC,,,de,1
Energie-Krise: Soll ich jetzt mein Haus,Energie-Krise: Soll ich jetzt mein Haus,MISC,,,de,1
Schäuble-Appell,Schäuble-Appell,MISC,,,de,1
GaspreiseWer,GaspreiseWer,MISC,,,de,1
Münchner Familie,Münchner Familie,MISC,,,de,1
DüsseldorfDer,DüsseldorfDer,MISC,,,de,1
Handels-Lokomotive,Handels-Lokomotive,MISC,,,de,1
"Das Wichtigste
<ul><li>","Das Wichtigste
<ul><li>",MISC,,,de,1
Exit.,Exit.,MISC,,,de,1
Energie-Investitionen.,Energie-Investitionen.,MISC,,,de,1
Corona-Aufbaufonds,Corona-Aufbaufonds,MISC,,,de,1
WindräderFinanziert,WindräderFinanziert,MISC,,,de,1
Deutscher Wetterdienst: Meteorologen,Deutscher Wetterdienst: Meteorologen,MISC,,,de,1
Mittelstands-Unternehmen,Mittelstands-Unternehmen,MISC,,,de,1
"Bayern, Trinkwasser…","Bayern, Trinkwasser…",MISC,,,de,1
Karlsruhe.,Karlsruhe.,MISC,0.0,0.0,de,1
Karlsruher Richter,Karlsruher Richter,MISC,,,de,1
Preis für Heizöl,Preis für Heizöl,MISC,,,de,1
Bloß k…,Bloß k…,MISC,,,de,1
Ticker ++,Ticker ++,MISC,,,de,1
Zu warm und zu,Zu warm und zu,MISC,,,de,1
Hartz-IV-Nachfolger,Hartz-IV-Nachfolger,MISC,,,de,1
Energiewende: Warum Wasserstoff Bayerns,Energiewende: Warum Wasserstoff Bayerns,MISC,,,de,1
Be…,Be…,MISC,,,de,1
Die Knappheit auf den Energiemärkten,Die Knappheit auf den Energiemärkten,MISC,,,de,1
O bis O,O bis O,MISC,,,de,1
Erneuerbaren-Wärme-Gesetz,Erneuerbaren-Wärme-Gesetz,MISC,,,de,1
Ja bitte!“,Ja bitte!“,MISC,,,de,1
Strom…,Strom…,MISC,,,de,1
Deutscher Gasspeicher-Füllstand,Deutscher Gasspeicher-Füllstand,MISC,,,de,1
"Die hohen Energiepreise, die allgemeine Inflation und der Krieg in der Ukraine","Die hohen Energiepreise, die allgemeine Inflation und der Krieg in der Ukraine",MISC,,,de,1
Entlastungs-Finanzpaket.,Entlastungs-Finanzpaket.,MISC,,,de,1
Mittwochabend nac…,Mittwochabend nac…,MISC,,,de,1
Liveticker: +++ 22:58 Deutsche Gasspeicher,Liveticker: +++ 22:58 Deutsche Gasspeicher,MISC,,,de,1
Strom- und Gaspreisbremse:,Strom- und Gaspreisbremse:,MISC,,,de,1
Easyjet,Easyjet,MISC,,,de,1
Mittwochabend aus i…,Mittwochabend aus i…,MISC,,,de,1
Bund-Länder-Beschlüsse,Bund-Länder-Beschlüsse,MISC,,,de,1
Bund und Länder ha…,Bund und Länder ha…,MISC,,,de,1
Lira,Lira,MISC,,,de,1
BfS) am Don…,BfS) am Don…,MISC,,,de,1
Liveticker: +++,Liveticker: +++,MISC,,,de,1
Pro Tag,Pro Tag,MISC,,,de,1
Vorjahre.,Vorjahre.,MISC,,,de,1
Wetter: Es,Wetter: Es,MISC,,,de,1
Milliarden-Paket: Berliner Beschlüsse.,Milliarden-Paket: Berliner Beschlüsse.,MISC,,,de,1
Goldene Oktober,Goldene Oktober,MISC,,,de,1
Der Goldene Oktober,Der Goldene Oktober,MISC,,,de,1
Pleitewelle,Pleitewelle,MISC,,,de,1
Job-Kahlschlag,Job-Kahlschlag,MISC,,,de,1
"CC BY-SA 4.0 
Flüssigerdga…","CC BY-SA 4.0 
Flüssigerdga…",MISC,,,de,1
werden?</li><li>,werden?</li><li>,MISC,,,de,1
Mildes Wetter,Mildes Wetter,MISC,,,de,1
Blackout,Blackout,MISC,,,de,1
Cloud-Umstieg.,Cloud-Umstieg.,MISC,,,de,1
News +,News +,MISC,,,de,1
Energie-Entlastung,Energie-Entlastung,MISC,,,de,1
Entlastungspakte I,Entlastungspakte I,MISC,,,de,1
Herbststeuerschätzung.,Herbststeuerschätzung.,MISC,,,de,1
MV:,MV:,MISC,,,de,1
Reichstagskuppel,Reichstagskuppel,MISC,,,de,1
Sprengsto…,Sprengsto…,MISC,,,de,1
Mon…,Mon…,MISC,,,de,1
Energiesparen:,Energiesparen:,MISC,,,de,1
wäVon,wäVon,MISC,,,de,1
LaPosch.,LaPosch.,MISC,,,de,1
C,C,MISC,,,de,1
Contra AKW-Laufzeitverlängerung: Hat Greta,Contra AKW-Laufzeitverlängerung: Hat Greta,MISC,,,de,1
deutschsprachige,deutschsprachige,MISC,,,de,1
"Nein danke!""","Nein danke!""",MISC,,,de,1
Pro,Pro,MISC,,,de,1
Inflation in Spanien:,Inflation in Spanien:,MISC,,,de,1
Bund und Länder steh…,Bund und Länder steh…,MISC,,,de,1
"Madis Veltman/imago
…","Madis Veltman/imago
…",MISC,,,de,1
beunruhigt auf den Winter.,beunruhigt auf den Winter.,MISC,,,de,1
Rot-grüner Koalitionsvertrag,Rot-grüner Koalitionsvertrag,MISC,,,de,1
saudi-arabischen,saudi-arabischen,MISC,,,de,1
Akw-Laufzeiten,Akw-Laufzeiten,MISC,,,de,1
Der Wedding,Der Wedding,MISC,,,de,1
Grünen-Parteitag.,Grünen-Parteitag.,MISC,,,de,1
Zündstoff-Themen,Zündstoff-Themen,MISC,,,de,1
Treffen in Bonn:,Treffen in Bonn:,MISC,,,de,1
Erdg…,Erdg…,MISC,,,de,1
Treibhausgasemissionen.,Treibhausgasemissionen.,MISC,,,de,1
Spa­ren,Spa­ren,MISC,,,de,1
China-Investitionen:,China-Investitionen:,MISC,,,de,1
chinesischen,chinesischen,MISC,,,de,1
Energiespar-Trick:,Energiespar-Trick:,MISC,,,de,1
Maskenpflicht.,Maskenpflicht.,MISC,,,de,1
Klimakonferenz in Ägypten,Klimakonferenz in Ägypten,MISC,,,de,1
COP27: Warum,COP27: Warum,MISC,,,de,1
"Krieg, Energiekrise, geplatzte","Krieg, Energiekrise, geplatzte",MISC,,,de,1
Pariser Abkommens,Pariser Abkommens,MISC,,,de,1
UN-Weltklimakonferenz in Ägypten,UN-Weltklimakonferenz in Ägypten,MISC,,,de,1
Vorstandschefin,Vorstandschefin,MISC,,,de,1
Tag der Konferenz,Tag der Konferenz,MISC,,,de,1
Herr we…,Herr we…,MISC,,,de,1
G…,G…,MISC,,,de,1
WELT-Reporter,WELT-Reporter,MISC,,,de,1
Milliardengewinne,Milliardengewinne,MISC,,,de,1
Coronapandemie.,Coronapandemie.,MISC,,,de,1
"Inhaltsverzeichnis
Ukraine-Krieg, Energiekrise, Rekordinflation, drohende Rezession","Inhaltsverzeichnis
Ukraine-Krieg, Energiekrise, Rekordinflation, drohende Rezession",MISC,,,de,1
Ostseepipeline Nord Stream 2,Ostseepipeline Nord Stream 2,MISC,,,de,1
ersten Winter,ersten Winter,MISC,,,de,1
COP27: Was,COP27: Was,MISC,,,de,1
"Krieg, Energiekrise und Inflation","Krieg, Energiekrise und Inflation",MISC,,,de,1
Deutsches,Deutsches,MISC,,,de,1
Energiepreis-Wahnsinn.,Energiepreis-Wahnsinn.,MISC,,,de,1
Mini-Fahrzeuge,Mini-Fahrzeuge,MISC,,,de,1
Wink,Wink,MISC,,,de,1
WärmepumpenPhotovoltaikanlage,WärmepumpenPhotovoltaikanlage,MISC,,,de,1
No German will freeze,No German will freeze,MISC,,,de,1
Greece,Greece,MISC,,,de,1
Palettenweise …,Palettenweise …,MISC,,,de,1
Sinochem,Sinochem,MISC,,,de,1
Kriegsjahr 2022,Kriegsjahr 2022,MISC,,,de,1
Gas-Sparen,Gas-Sparen,MISC,,,de,1
nordrhein-westfälische,nordrhein-westfälische,MISC,,,de,1
Deutschland: Sinken,Deutschland: Sinken,MISC,,,de,1
"| tagesschau.de  tagesschau.de
</li><li>""Noch","| tagesschau.de  tagesschau.de
</li><li>""Noch",MISC,,,de,1
Wiedererweckung der Häfen.,Wiedererweckung der Häfen.,MISC,,,de,1
Ukrainekrieges,Ukrainekrieges,MISC,0.0,0.0,de,1
"Inhaltsverzeichnis
Im Moment","Inhaltsverzeichnis
Im Moment",MISC,,,de,1
LNG-Terminals Wilhelmshaven sol…,LNG-Terminals Wilhelmshaven sol…,MISC,,,de,1
Klimaversprechen,Klimaversprechen,MISC,,,de,1
Gaspreisdeckel?,Gaspreisdeckel?,MISC,,,de,1
EU-Kommissionsvize,EU-Kommissionsvize,MISC,,,de,1
LNG-Terminals Wilhelmshaven,LNG-Terminals Wilhelmshaven,MISC,,,de,1
Klimawende.,Klimawende.,MISC,,,de,1
Hübner.,Hübner.,MISC,,,de,1
Mittelschichtâ€œ.,Mittelschichtâ€œ.,MISC,,,de,1
russische Krieg,russische Krieg,MISC,,,de,1
"CC BY-NC-SA 2.0
Vor","CC BY-NC-SA 2.0
Vor",MISC,,,de,1
russischen Luftwaffe,russischen Luftwaffe,MISC,,,de,1
Bundesregierug,Bundesregierug,MISC,,,de,1
Lohn,Lohn,MISC,,,de,1
Nicht so schön,Nicht so schön,MISC,,,de,1
Thermo-Hygrometer k…,Thermo-Hygrometer k…,MISC,,,de,1
Weltklimakonferenz COP27.,Weltklimakonferenz COP27.,MISC,,,de,1
Kündigung,Kündigung,MISC,,,de,1
jeweiâ€¦,jeweiâ€¦,MISC,,,de,1
Klima-Professor,Klima-Professor,MISC,,,de,1
Weltklimakonferenz COP27,Weltklimakonferenz COP27,MISC,,,de,1
Weltklimakonferenz COP27,Weltklimakonferenz COP27,MISC,,,de,1
